local_id,neo4j_id,name,ontology_id,labels,props_json
0,3,,TEMP_diseases_4517,"['Disease', 'Knowledge']","{""ontology_id"": ""TEMP_diseases_4517"", ""match_method"": ""new_entity"", ""normalized_name"": ""Chronic Coronary Syndromes"", ""text"": ""CCS""}"
1,5,,D001.001,"['Disease', 'Knowledge']","{""ontology_id"": ""D001.001"", ""match_method"": ""llm_match"", ""normalized_name"": ""Myocardial_Ischemic_Disease"", ""text"": ""ischemia""}"
2,6,,D001.001.002,"['Disease', 'Knowledge']","{""ontology_id"": ""D001.001.002"", ""match_method"": ""llm_match"", ""normalized_name"": ""Stable_Angina"", ""text"": ""angina""}"
3,8,,TEMP_diseases_0998,"['Disease', 'Knowledge']","{""ontology_id"": ""TEMP_diseases_0998"", ""match_method"": ""new_entity"", ""normalized_name"": ""Chronic_Coronary_Disease"", ""text"": ""chronic coronary diseases""}"
4,9,,TEMP_diseases_1230,"['Disease', 'Knowledge']","{""ontology_id"": ""TEMP_diseases_1230"", ""match_method"": ""new_entity"", ""normalized_name"": ""Acute Coronary Syndrome"", ""text"": ""ACS""}"
5,10,,D001,"['Disease', 'Knowledge']","{""ontology_id"": ""D001"", ""match_method"": ""llm_match"", ""normalized_name"": ""Atherosclerotic_Stenosis"", ""text"": ""atherosclerotic stenosis""}"
6,13,,TEMP_diseases_7431,"['Disease', 'Knowledge']","{""ontology_id"": ""TEMP_diseases_7431"", ""match_method"": ""new_entity"", ""normalized_name"": ""Transient_Myocardial_Ischemia"", ""text"": ""transient myocardial ischaemia""}"
7,14,,TEMP_diseases_5767,"['Disease', 'Knowledge']","{""ontology_id"": ""TEMP_diseases_5767"", ""match_method"": ""new_entity"", ""normalized_name"": ""Fixed_Flow_Limiting_Stenoses"", ""text"": ""fixed, flow-limiting stenoses""}"
8,15,,TEMP_diseases_0506,"['Disease', 'Knowledge']","{""ontology_id"": ""TEMP_diseases_0506"", ""match_method"": ""new_entity"", ""normalized_name"": ""Diffuse_Atherosclerotic_Lesions"", ""text"": ""diffuse atherosclerotic lesions""}"
9,16,,TEMP_diseases_1440,"['Disease', 'Knowledge']","{""ontology_id"": ""TEMP_diseases_1440"", ""match_method"": ""new_entity"", ""normalized_name"": ""Myocardial_Bridging"", ""text"": ""myocardial bridging""}"
10,17,,TEMP_diseases_0416,"['Disease', 'Knowledge']","{""ontology_id"": ""TEMP_diseases_0416"", ""match_method"": ""new_entity"", ""normalized_name"": ""Congenital_Arterial_Anomalies"", ""text"": ""congenital arterial anomalies""}"
11,18,,TEMP_diseases_4522,"['Disease', 'Knowledge']","{""ontology_id"": ""TEMP_diseases_4522"", ""match_method"": ""new_entity"", ""normalized_name"": ""Dynamic Epicardial Vasospasm"", ""text"": ""dynamic epicardial vasospasm""}"
12,19,,D001.001.005,"['Disease', 'Knowledge']","{""ontology_id"": ""D001.001.005"", ""match_method"": ""llm_match"", ""normalized_name"": ""Coronary_Microvascular_Dysfunction"", ""text"": ""coronary microvascular dysfunction (CMD)""}"
13,20,,TEMP_diseases_5110,"['Disease', 'Knowledge']","{""ontology_id"": ""TEMP_diseases_5110"", ""match_method"": ""new_entity"", ""normalized_name"": ""Microcirculatory_Abnormality"", ""text"": ""microcirculatory abnormalities""}"
14,21,,D001.001.003,"['Disease', 'Knowledge']","{""ontology_id"": ""D001.001.003"", ""match_method"": ""llm_match"", ""normalized_name"": ""Ischemia"", ""text"": ""ischaemia""}"
15,22,,TEMP_diseases_7716,"['Disease', 'Knowledge']","{""ontology_id"": ""TEMP_diseases_7716"", ""match_method"": ""new_entity"", ""normalized_name"": ""Anemia"", ""text"": ""anaemia""}"
16,23,,TEMP_diseases_7174,"['Disease', 'Knowledge']","{""ontology_id"": ""TEMP_diseases_7174"", ""match_method"": ""new_entity"", ""normalized_name"": ""Non_Acute_Myocardial_Ischemia"", ""text"": ""non-acute myocardial ischaemia""}"
17,26,,TEMP_diseases_9853,"['Disease', 'Knowledge']","{""ontology_id"": ""TEMP_diseases_9853"", ""match_method"": ""new_entity"", ""normalized_name"": ""Myocardial_Hypertrophy"", ""text"": ""myocardial hypertrophy""}"
18,27,,TEMP_diseases_2439,"['Disease', 'Knowledge']","{""ontology_id"": ""TEMP_diseases_2439"", ""match_method"": ""new_entity"", ""normalized_name"": ""Fibrosis"", ""text"": ""fibrosis""}"
19,28,,TEMP_diseases_3492,"['Disease', 'Knowledge']","{""ontology_id"": ""TEMP_diseases_3492"", ""match_method"": ""new_entity"", ""normalized_name"": ""Endothelial_Dysfunction"", ""text"": ""endothelial dysfunction""}"
20,29,,TEMP_diseases_8285,"['Disease', 'Knowledge']","{""ontology_id"": ""TEMP_diseases_8285"", ""match_method"": ""new_entity"", ""normalized_name"": ""Myocardial_Capillaries"", ""text"": ""myocardial capillaries""}"
21,30,,TEMP_diseases_9561,"['Disease', 'Knowledge']","{""ontology_id"": ""TEMP_diseases_9561"", ""match_method"": ""new_entity"", ""normalized_name"": ""Rarefaction"", ""text"": ""rarefaction""}"
22,33,,TEMP_diseases_9753,"['Disease', 'Knowledge']","{""ontology_id"": ""TEMP_diseases_9753"", ""match_method"": ""new_entity"", ""normalized_name"": ""Epicardial Conductive Arteries"", ""text"": ""epicardial conductive arteries""}"
23,34,,D001.001.004,"['Disease', 'Knowledge']","{""ontology_id"": ""D001.001.004"", ""match_method"": ""llm_match"", ""normalized_name"": ""Stress-Induced_Angina"", ""text"": ""stress-induced angina""}"
24,35,,TEMP_diseases_3259,"['Disease', 'Knowledge']","{""ontology_id"": ""TEMP_diseases_3259"", ""match_method"": ""new_entity"", ""normalized_name"": ""Epicardial Obstructive CAD"", ""text"": ""epicardial obstructive CAD""}"
25,36,,TEMP_diseases_7408,"['Disease', 'Knowledge']","{""ontology_id"": ""TEMP_diseases_7408"", ""match_method"": ""new_entity"", ""normalized_name"": ""ANOCA/INOCA"", ""text"": ""ANOCA/INOCA""}"
26,37,,TEMP_diseases_8150,"['Disease', 'Knowledge']","{""ontology_id"": ""TEMP_diseases_8150"", ""match_method"": ""new_entity"", ""normalized_name"": ""Epicardial Coronary Artery Disease"", ""text"": ""epicardial CAD""}"
27,40,,TEMP_diseases_2868,"['Disease', 'Knowledge']","{""ontology_id"": ""TEMP_diseases_2868"", ""match_method"": ""new_entity"", ""normalized_name"": ""Transition_between_CCS_and_ACS"", ""text"": ""transition between CCS and ACS""}"
28,43,,TEMP_diseases_4071,"['Disease', 'Knowledge']","{""ontology_id"": ""TEMP_diseases_4071"", ""match_method"": ""new_entity"", ""normalized_name"": ""Microvascular Angina"", ""text"": ""greater prevalence of MVA""}"
29,48,,TEMP_diseases_3278,"['Disease', 'Knowledge']","{""ontology_id"": ""TEMP_diseases_3278"", ""match_method"": ""new_entity"", ""normalized_name"": ""Anatomically_Significant_Stenoses"", ""text"": ""anatomically significant stenoses""}"
30,54,,TEMP_diseases_5469,"['Disease', 'Knowledge']","{""ontology_id"": ""TEMP_diseases_5469"", ""match_method"": ""new_entity"", ""normalized_name"": ""Obstructive_Epicardial_Coronary_Atherosclerosis"", ""text"": ""obstructive epicardial coronary atherosclerosis""}"
31,56,,D001.001.002.002,"['Disease', 'Knowledge']","{""ontology_id"": ""D001.001.002.002"", ""match_method"": ""llm_match"", ""normalized_name"": ""Atypical_Angina"", ""text"": ""suspected angina pectoris""}"
32,58,,TEMP_diseases_6173,"['Disease', 'Knowledge']","{""ontology_id"": ""TEMP_diseases_6173"", ""match_method"": ""new_entity"", ""normalized_name"": ""Chronic_Coronary_Syndrome"", ""text"": ""Chronic Coronary Syndrome (CCS)""}"
33,60,,D001.001.001.001,"['Disease', 'Knowledge']","{""ontology_id"": ""D001.001.001.001"", ""match_method"": ""llm_match"", ""normalized_name"": ""Acute_Myocardial_Infarction"", ""text"": ""spontaneous myocardial infarction (MI)""}"
34,66,,TEMP_diseases_4899,"['Disease', 'Knowledge']","{""ontology_id"": ""TEMP_diseases_4899"", ""match_method"": ""new_entity"", ""normalized_name"": ""Left_Ventricular_Dysfunction"", ""text"": ""left ventricular dysfunction""}"
35,72,,TEMP_diseases_6254,"['Disease', 'Knowledge']","{""ontology_id"": ""TEMP_diseases_6254"", ""match_method"": ""new_entity"", ""normalized_name"": ""High_Risk_CAD"", ""text"": ""high-risk CAD""}"
36,77,,TEMP_diseases_0224,"['Disease', 'Knowledge']","{""ontology_id"": ""TEMP_diseases_0224"", ""match_method"": ""new_entity"", ""normalized_name"": ""Chronic_Coronary_Syndrome"", ""text"": ""chronic coronary syndrome""}"
37,78,,TEMP_diseases_0526,"['Disease', 'Knowledge']","{""ontology_id"": ""TEMP_diseases_0526"", ""match_method"": ""new_entity"", ""normalized_name"": ""Chronic Coronary Syndrome"", ""text"": ""diagnosis of CCS""}"
38,79,,TEMP_diseases_7206,"['Disease', 'Knowledge']","{""ontology_id"": ""TEMP_diseases_7206"", ""match_method"": ""new_entity"", ""normalized_name"": ""Pericarditis"", ""text"": ""pericarditis""}"
39,81,,D001.001.002.003,"['Disease', 'Knowledge']","{""ontology_id"": ""D001.001.002.003"", ""match_method"": ""llm_match"", ""normalized_name"": ""Non_Anginal_Chest_Pain"", ""text"": ""non-anginal/non-cardiac""}"
40,87,,TEMP_diseases_0385,"['Disease', 'Knowledge']","{""ontology_id"": ""TEMP_diseases_0385"", ""match_method"": ""new_entity"", ""normalized_name"": ""Familial Hypercholesterolemia"", ""text"": ""familial hypercholesterolaemia""}"
41,89,,TEMP_diseases_9587,"['Disease', 'Knowledge']","{""ontology_id"": ""TEMP_diseases_9587"", ""match_method"": ""new_entity"", ""normalized_name"": ""Chronic_Obstructive_Pulmonary_Disease"", ""text"": ""chronic obstructive pulmonary disease""}"
42,92,,TEMP_diseases_3994,"['Disease', 'Knowledge']","{""ontology_id"": ""TEMP_diseases_3994"", ""match_method"": ""new_entity"", ""normalized_name"": ""Cerebral_Vascular_Disease"", ""text"": ""cerebral vascular disease""}"
43,93,,D001.001.001.002.001,"['Disease', 'Knowledge']","{""ontology_id"": ""D001.001.001.002.001"", ""match_method"": ""llm_match"", ""normalized_name"": ""Recent_Onset_Angina"", ""text"": ""recent-onset anginal symptoms""}"
44,94,,TEMP_diseases_9103,"['Disease', 'Knowledge']","{""ontology_id"": ""TEMP_diseases_9103"", ""match_method"": ""new_entity"", ""normalized_name"": ""Destabilizing_Coronary_Atherosclerotic_Plaque"", ""text"": ""destabilizing coronary atherosclerotic plaque""}"
45,96,,D001.001.001,"['Disease', 'Knowledge']","{""ontology_id"": ""D001.001.001"", ""match_method"": ""llm_match"", ""normalized_name"": ""Acute_Coronary_Syndrome"", ""text"": ""acute coronary syndromes""}"
46,107,,TEMP_diseases_4922,"['Disease', 'Knowledge']","{""ontology_id"": ""TEMP_diseases_4922"", ""match_method"": ""new_entity"", ""normalized_name"": ""Atrial_Fibrillation"", ""text"": ""atrial fibrillation""}"
47,121,,TEMP_diseases_7572,"['Disease', 'Knowledge']","{""ontology_id"": ""TEMP_diseases_7572"", ""match_method"": ""new_entity"", ""normalized_name"": ""Chronic_cough_syndrome"", ""text"": ""suspected CCS""}"
48,126,,TEMP_diseases_6846,"['Disease', 'Knowledge']","{""ontology_id"": ""TEMP_diseases_6846"", ""match_method"": ""new_entity"", ""normalized_name"": ""Hyperuricemia"", ""text"": ""hyperuricaemia""}"
49,129,,D001.001.001.002,"['Disease', 'Knowledge']","{""ontology_id"": ""D001.001.001.002"", ""match_method"": ""llm_match"", ""normalized_name"": ""Unstable_Angina"", ""text"": ""CAD instability""}"
50,132,,TEMP_diseases_1157,"['Disease', 'Knowledge']","{""ontology_id"": ""TEMP_diseases_1157"", ""match_method"": ""new_entity"", ""normalized_name"": ""Heart_Failure"", ""text"": ""heart failure""}"
51,143,,TEMP_diseases_9972,"['Disease', 'Knowledge']","{""ontology_id"": ""TEMP_diseases_9972"", ""match_method"": ""new_entity"", ""normalized_name"": ""Coronary_Vasospasm"", ""text"": ""coronary vasospasm""}"
52,145,,TEMP_diseases_8397,"['Disease', 'Knowledge']","{""ontology_id"": ""TEMP_diseases_8397"", ""match_method"": ""new_entity"", ""normalized_name"": ""Effort-Induced Angina"", ""text"": ""effort-induced angina""}"
53,147,,TEMP_diseases_0445,"['Disease', 'Knowledge']","{""ontology_id"": ""TEMP_diseases_0445"", ""match_method"": ""new_entity"", ""normalized_name"": ""Obstructive coronary artery disease"", ""text"": ""obstructive CAD""}"
54,149,,TEMP_diseases_2307,"['Disease', 'Knowledge']","{""ontology_id"": ""TEMP_diseases_2307"", ""match_method"": ""new_entity"", ""normalized_name"": ""Familial_Hypercholesterolemia"", ""text"": ""familial hypercholesterolemia""}"
55,158,,TEMP_diseases_1788,"['Disease', 'Knowledge']","{""ontology_id"": ""TEMP_diseases_1788"", ""match_method"": ""new_entity"", ""normalized_name"": ""Hyperthyroidism"", ""text"": ""hyperthyroidism""}"
56,172,,TEMP_diseases_1164,"['Disease', 'Knowledge']","{""ontology_id"": ""TEMP_diseases_1164"", ""match_method"": ""new_entity"", ""normalized_name"": ""Obstructive Coronary Artery Disease"", ""text"": ""likelihood of obstructive CAD""}"
57,181,,TEMP_diseases_0900,"['Disease', 'Knowledge']","{""ontology_id"": ""TEMP_diseases_0900"", ""match_method"": ""new_entity"", ""normalized_name"": ""Severe kidney dysfunction"", ""text"": ""severe kidney dysfunction""}"
58,185,,TEMP_diseases_1267,"['Disease', 'Knowledge']","{""ontology_id"": ""TEMP_diseases_1267"", ""match_method"": ""new_entity"", ""normalized_name"": ""Coronary artery calcification"", ""text"": ""CAC""}"
59,192,,TEMP_diseases_6842,"['Disease', 'Knowledge']","{""ontology_id"": ""TEMP_diseases_6842"", ""match_method"": ""new_entity"", ""normalized_name"": ""Non-coronary_Atherosclerotic_Disease"", ""text"": ""non-coronary atherosclerotic disease""}"
60,202,,TEMP_diseases_8369,"['Disease', 'Knowledge']","{""ontology_id"": ""TEMP_diseases_8369"", ""match_method"": ""new_entity"", ""normalized_name"": ""Diastolic LV Dysfunction"", ""text"": ""diastolic LV dysfunction""}"
61,203,,TEMP_diseases_3722,"['Disease', 'Knowledge']","{""ontology_id"": ""TEMP_diseases_3722"", ""match_method"": ""new_entity"", ""normalized_name"": ""Ischemic_Myocardial_Dysfunction"", ""text"": ""ischaemic myocardial dysfunction""}"
62,206,,TEMP_diseases_8152,"['Disease', 'Knowledge']","{""ontology_id"": ""TEMP_diseases_8152"", ""match_method"": ""new_entity"", ""normalized_name"": ""Scarred_Myocardium"", ""text"": ""scarred myocardium""}"
63,218,,TEMP_diseases_5047,"['Disease', 'Knowledge']","{""ontology_id"": ""TEMP_diseases_5047"", ""match_method"": ""new_entity"", ""normalized_name"": ""Major_Adverse_Cardiovascular_Events"", ""text"": ""major adverse cardiovascular events""}"
64,223,,TEMP_diseases_2329,"['Disease', 'Knowledge']","{""ontology_id"": ""TEMP_diseases_2329"", ""match_method"": ""new_entity"", ""normalized_name"": ""Obstructive Coronary Artery Disease"", ""text"": ""very low likelihood of obstructive CAD""}"
65,224,,TEMP_diseases_0648,"['Disease', 'Knowledge']","{""ontology_id"": ""TEMP_diseases_0648"", ""match_method"": ""new_entity"", ""normalized_name"": ""Obstructive_Coronary_Artery_Disease"", ""text"": ""low sensitivity and specificity for obstructive CAD""}"
66,231,,TEMP_diseases_9960,"['Disease', 'Knowledge']","{""ontology_id"": ""TEMP_diseases_9960"", ""match_method"": ""new_entity"", ""normalized_name"": ""Calcified_Atherosclerotic_Plaque"", ""text"": ""calcified atherosclerotic plaque""}"
67,238,,TEMP_diseases_5289,"['Disease', 'Knowledge']","{""ontology_id"": ""TEMP_diseases_5289"", ""match_method"": ""new_entity"", ""normalized_name"": ""Very_Low_Likelihood_Of_Obstructive_CAD"", ""text"": ""very low (≤5%) likelihood of obstructive CAD""}"
68,239,,TEMP_diseases_1953,"['Disease', 'Knowledge']","{""ontology_id"": ""TEMP_diseases_1953"", ""match_method"": ""new_entity"", ""normalized_name"": ""Low_Likelihood_Obstructive_CAD"", ""text"": ""low (>5%–15%) likelihood of obstructive CAD""}"
69,241,,TEMP_diseases_4444,"['Disease', 'Knowledge']","{""ontology_id"": ""TEMP_diseases_4444"", ""match_method"": ""new_entity"", ""normalized_name"": ""Obstructive Coronary Artery Disease Likelihood"", ""text"": ""high (>50%–85%) likelihood of obstructive CAD""}"
70,242,,TEMP_diseases_8769,"['Disease', 'Knowledge']","{""ontology_id"": ""TEMP_diseases_8769"", ""match_method"": ""new_entity"", ""normalized_name"": ""Very_High_Likelihood_Of_Obstructive_CAD"", ""text"": ""very high (>85%) likelihood of obstructive CAD""}"
71,247,,TEMP_diseases_9880,"['Disease', 'Knowledge']","{""ontology_id"": ""TEMP_diseases_9880"", ""match_method"": ""new_entity"", ""normalized_name"": ""Cardiomyopathies"", ""text"": ""most cardiomyopathies""}"
72,252,,TEMP_diseases_9850,"['Disease', 'Knowledge']","{""ontology_id"": ""TEMP_diseases_9850"", ""match_method"": ""new_entity"", ""normalized_name"": ""Major_Adverse_Cardiovascular_Events"", ""text"": ""major adverse cardiovascular events (MACE)""}"
73,257,,TEMP_diseases_2506,"['Disease', 'Knowledge']","{""ontology_id"": ""TEMP_diseases_2506"", ""match_method"": ""new_entity"", ""normalized_name"": ""Left Bundle Branch Block"", ""text"": ""LBBB""}"
74,260,,TEMP_diseases_0670,"['Disease', 'Knowledge']","{""ontology_id"": ""TEMP_diseases_0670"", ""match_method"": ""new_entity"", ""normalized_name"": ""Pulmonary_Conditions"", ""text"": ""pulmonary conditions""}"
75,261,,TEMP_diseases_4898,"['Disease', 'Knowledge']","{""ontology_id"": ""TEMP_diseases_4898"", ""match_method"": ""new_entity"", ""normalized_name"": ""Obstructive_Coronary_Artery_Stenosis"", ""text"": ""obstructive coronary artery stenoses""}"
76,264,,TEMP_diseases_8334,"['Disease', 'Knowledge']","{""ontology_id"": ""TEMP_diseases_8334"", ""match_method"": ""new_entity"", ""normalized_name"": ""Downstream_ICA"", ""text"": ""downstream ICA""}"
77,265,,TEMP_diseases_2177,"['Disease', 'Knowledge']","{""ontology_id"": ""TEMP_diseases_2177"", ""match_method"": ""new_entity"", ""normalized_name"": ""Cardiovascular_Death"", ""text"": ""cardiovascular death""}"
78,266,,TEMP_diseases_4788,"['Disease', 'Knowledge']","{""ontology_id"": ""TEMP_diseases_4788"", ""match_method"": ""new_entity"", ""normalized_name"": ""Non-fatal myocardial infarction"", ""text"": ""non-fatal MI""}"
79,268,,D001.001.001.001.002,"['Disease', 'Knowledge']","{""ontology_id"": ""D001.001.001.001.002"", ""match_method"": ""llm_match"", ""normalized_name"": ""Non_ST_Elevation_Myocardial_Infarction"", ""text"": ""increased risk of non-fatal MI""}"
80,274,,TEMP_diseases_8651,"['Disease', 'Knowledge']","{""ontology_id"": ""TEMP_diseases_8651"", ""match_method"": ""new_entity"", ""normalized_name"": ""Heavily_Calcified_Coronary_Arteries"", ""text"": ""heavily calcified coronary arteries""}"
81,279,,TEMP_diseases_7543,"['Disease', 'Knowledge']","{""ontology_id"": ""TEMP_diseases_7543"", ""match_method"": ""new_entity"", ""normalized_name"": ""Myocardial Oxygen Demand"", ""text"": ""myocardial oxygen demand""}"
82,282,,TEMP_diseases_8158,"['Disease', 'Knowledge']","{""ontology_id"": ""TEMP_diseases_8158"", ""match_method"": ""new_entity"", ""normalized_name"": ""Cardiac_Conditions"", ""text"": ""cardiac conditions""}"
83,299,,TEMP_diseases_8182,"['Disease', 'Knowledge']","{""ontology_id"": ""TEMP_diseases_8182"", ""match_method"": ""new_entity"", ""normalized_name"": ""Myocardial_Hypoperfusion"", ""text"": ""Myocardial hypoperfusion""}"
84,302,,TEMP_diseases_0440,"['Disease', 'Knowledge']","{""ontology_id"": ""TEMP_diseases_0440"", ""match_method"": ""new_entity"", ""normalized_name"": ""Multivessel Coronary Artery Disease"", ""text"": ""multivessel CAD""}"
85,303,,TEMP_diseases_2707,"['Disease', 'Knowledge']","{""ontology_id"": ""TEMP_diseases_2707"", ""match_method"": ""new_entity"", ""normalized_name"": ""Severe Obstructive Coronary Artery Disease"", ""text"": ""severe obstructive CAD""}"
86,326,,TEMP_diseases_4929,"['Disease', 'Knowledge']","{""ontology_id"": ""TEMP_diseases_4929"", ""match_method"": ""new_entity"", ""normalized_name"": ""Myocardial_Perfusion_Supply_Demand_Impairment"", ""text"": ""impairments in the supply–demand of myocardial perfusion""}"
87,327,,TEMP_diseases_8867,"['Disease', 'Knowledge']","{""ontology_id"": ""TEMP_diseases_8867"", ""match_method"": ""new_entity"", ""normalized_name"": ""Functional disorders leading to ANOCA or INOCA"", ""text"": ""Functional disorders leading to ANOCA/INOCA""}"
88,328,,TEMP_diseases_7196,"['Disease', 'Knowledge']","{""ontology_id"": ""TEMP_diseases_7196"", ""match_method"": ""new_entity"", ""normalized_name"": ""Microvascular Angina"", ""text"": ""MVA""}"
89,329,,TEMP_diseases_9737,"['Disease', 'Knowledge']","{""ontology_id"": ""TEMP_diseases_9737"", ""match_method"": ""new_entity"", ""normalized_name"": ""Vasospastic angina"", ""text"": ""VSA""}"
90,330,,TEMP_diseases_9347,"['Disease', 'Knowledge']","{""ontology_id"": ""TEMP_diseases_9347"", ""match_method"": ""new_entity"", ""normalized_name"": ""ANOCA/INOCA"", ""text"": ""Patients with ANOCA/INOCA""}"
91,332,,TEMP_diseases_2481,"['Disease', 'Knowledge']","{""ontology_id"": ""TEMP_diseases_2481"", ""match_method"": ""new_entity"", ""normalized_name"": ""Coronary_Circulation"", ""text"": ""coronary circulation""}"
92,333,,TEMP_diseases_9488,"['Disease', 'Knowledge']","{""ontology_id"": ""TEMP_diseases_9488"", ""match_method"": ""new_entity"", ""normalized_name"": ""Microvascular_Angina"", ""text"": ""MVA cases""}"
93,336,,TEMP_diseases_1419,"['Disease', 'Knowledge']","{""ontology_id"": ""TEMP_diseases_1419"", ""match_method"": ""new_entity"", ""normalized_name"": ""Severity_of_Coronary_Stenoses"", ""text"": ""severity of coronary stenoses""}"
94,337,,TEMP_diseases_9559,"['Disease', 'Knowledge']","{""ontology_id"": ""TEMP_diseases_9559"", ""match_method"": ""new_entity"", ""normalized_name"": ""Flow-limiting CAD"", ""text"": ""flow-limiting CAD""}"
95,341,,TEMP_diseases_4217,"['Disease', 'Knowledge']","{""ontology_id"": ""TEMP_diseases_4217"", ""match_method"": ""new_entity"", ""normalized_name"": ""Vascular Smooth Muscle Dysfunction"", ""text"": ""Vascular Smooth Muscle Dysfunction (VSA)""}"
96,343,,TEMP_diseases_4626,"['Disease', 'Knowledge']","{""ontology_id"": ""TEMP_diseases_4626"", ""match_method"": ""new_entity"", ""normalized_name"": ""Coronary_Atherosclerosis"", ""text"": ""coronary atherosclerosis""}"
97,349,,TEMP_diseases_3301,"['Disease', 'Knowledge']","{""ontology_id"": ""TEMP_diseases_3301"", ""match_method"": ""new_entity"", ""normalized_name"": ""ANOCA"", ""text"": ""ANOCA""}"
98,356,,TEMP_diseases_0093,"['Disease', 'Knowledge']","{""ontology_id"": ""TEMP_diseases_0093"", ""match_method"": ""new_entity"", ""normalized_name"": ""Stroke"", ""text"": ""stroke""}"
99,367,,TEMP_diseases_1965,"['Disease', 'Knowledge']","{""ontology_id"": ""TEMP_diseases_1965"", ""match_method"": ""new_entity"", ""normalized_name"": ""Hemodynamically_Significant"", ""text"": ""haemodynamically significant""}"
100,371,,TEMP_diseases_3894,"['Disease', 'Knowledge']","{""ontology_id"": ""TEMP_diseases_3894"", ""match_method"": ""new_entity"", ""normalized_name"": ""Hemodynamically_Insignificant"", ""text"": ""not haemodynamically significant""}"
101,374,,TEMP_diseases_7454,"['Disease', 'Knowledge']","{""ontology_id"": ""TEMP_diseases_7454"", ""match_method"": ""new_entity"", ""normalized_name"": ""Lesions in left main or proximal LAD"", ""text"": ""lesions in left main or proximal LAD""}"
102,376,,TEMP_diseases_1708,"['Disease', 'Knowledge']","{""ontology_id"": ""TEMP_diseases_1708"", ""match_method"": ""new_entity"", ""normalized_name"": ""Functionally_Non-significant_Stenosis"", ""text"": ""functionally non-significant stenosis""}"
103,379,,TEMP_diseases_2282,"['Disease', 'Knowledge']","{""ontology_id"": ""TEMP_diseases_2282"", ""match_method"": ""new_entity"", ""normalized_name"": ""Larger_Arteries"", ""text"": ""larger arteries""}"
104,388,,TEMP_diseases_4895,"['Disease', 'Knowledge']","{""ontology_id"": ""TEMP_diseases_4895"", ""match_method"": ""new_entity"", ""normalized_name"": ""Non-fatal_Myocardial_Infarction_rate"", ""text"": ""non-fatal MI rate""}"
105,393,,TEMP_diseases_1106,"['Disease', 'Knowledge']","{""ontology_id"": ""TEMP_diseases_1106"", ""match_method"": ""new_entity"", ""normalized_name"": ""Coronary_Artery"", ""text"": ""coronary artery""}"
106,403,,TEMP_diseases_6276,"['Disease', 'Knowledge']","{""ontology_id"": ""TEMP_diseases_6276"", ""match_method"": ""new_entity"", ""normalized_name"": ""FFR and CFR Discordance"", ""text"": ""similar prognosis to concordant abnormal FFR and CFR""}"
107,404,,TEMP_diseases_5955,"['Disease', 'Knowledge']","{""ontology_id"": ""TEMP_diseases_5955"", ""match_method"": ""new_entity"", ""normalized_name"": ""Lesions_with_Abnormal_FFR_but_Normal_CFR"", ""text"": ""lesions with abnormal FFR but normal CFR""}"
108,406,,TEMP_diseases_8520,"['Disease', 'Knowledge']","{""ontology_id"": ""TEMP_diseases_8520"", ""match_method"": ""new_entity"", ""normalized_name"": ""Hyperaemic_Stenosis_Resistance"", ""text"": ""hyperaemic stenosis resistance (HSR)""}"
109,431,,TEMP_diseases_9732,"['Disease', 'Knowledge']","{""ontology_id"": ""TEMP_diseases_9732"", ""match_method"": ""new_entity"", ""normalized_name"": ""Microcirculation_Dysfunction"", ""text"": ""microcirculation""}"
110,437,,TEMP_diseases_8696,"['Disease', 'Knowledge']","{""ontology_id"": ""TEMP_diseases_8696"", ""match_method"": ""new_entity"", ""normalized_name"": ""Disease or Complications for Patients with eGFR <30 mL/min/1.73 m2"", ""text"": ""disease or complications for patients with eGFR <30 mL/min/1.73 m2""}"
111,440,,TEMP_diseases_4878,"['Disease', 'Knowledge']","{""ontology_id"": ""TEMP_diseases_4878"", ""match_method"": ""new_entity"", ""normalized_name"": ""Uncertain_CCS_Diagnosis"", ""text"": ""uncertain CCS diagnosis""}"
112,443,,TEMP_diseases_2006,"['Disease', 'Knowledge']","{""ontology_id"": ""TEMP_diseases_2006"", ""match_method"": ""new_entity"", ""normalized_name"": ""Obstructive Coronary Artery Disease Likelihood"", ""text"": ""low (≤5%) likelihood of obstructive CAD""}"
113,445,,TEMP_diseases_1641,"['Disease', 'Knowledge']","{""ontology_id"": ""TEMP_diseases_1641"", ""match_method"": ""new_entity"", ""normalized_name"": ""Obstructive Coronary Artery Disease"", ""text"": ""high likelihood of obstructive CAD""}"
114,447,,TEMP_diseases_4701,"['Disease', 'Knowledge']","{""ontology_id"": ""TEMP_diseases_4701"", ""match_method"": ""new_entity"", ""normalized_name"": ""Non-obstructive coronary artery disease"", ""text"": ""non-obstructive CAD""}"
115,450,,TEMP_diseases_5273,"['Disease', 'Knowledge']","{""ontology_id"": ""TEMP_diseases_5273"", ""match_method"": ""new_entity"", ""normalized_name"": ""Stenosis"", ""text"": ""stenoses""}"
116,455,,TEMP_diseases_0136,"['Disease', 'Knowledge']","{""ontology_id"": ""TEMP_diseases_0136"", ""match_method"": ""new_entity"", ""normalized_name"": ""Ischemia with non-obstructed coronary arteries"", ""text"": ""INOCA""}"
117,456,,TEMP_diseases_6388,"['Disease', 'Knowledge']","{""ontology_id"": ""TEMP_diseases_6388"", ""match_method"": ""new_entity"", ""normalized_name"": ""Coronary Microvascular Dysfunction"", ""text"": ""CMD""}"
118,468,,TEMP_diseases_6807,"['Disease', 'Knowledge']","{""ontology_id"": ""TEMP_diseases_6807"", ""match_method"": ""new_entity"", ""normalized_name"": ""Coronary_Artery_Stenosis"", ""text"": ""≥50% stenosis of the left main stem, three-vessel or two-vessel disease including the proximal LAD artery with ≥70% stenosis""}"
119,472,,TEMP_diseases_7515,"['Disease', 'Knowledge']","{""ontology_id"": ""TEMP_diseases_7515"", ""match_method"": ""new_entity"", ""normalized_name"": ""Moderate_Severe_Ischemia"", ""text"": ""patients with moderate-severe ischaemia""}"
120,481,,TEMP_diseases_9312,"['Disease', 'Knowledge']","{""ontology_id"": ""TEMP_diseases_9312"", ""match_method"": ""new_entity"", ""normalized_name"": ""Renal Failure"", ""text"": ""renal failure""}"
121,483,,TEMP_diseases_3479,"['Disease', 'Knowledge']","{""ontology_id"": ""TEMP_diseases_3479"", ""match_method"": ""new_entity"", ""normalized_name"": ""All-cause_and_Cardiovascular_Death"", ""text"": ""all-cause and cardiovascular death""}"
122,488,,TEMP_diseases_3441,"['Disease', 'Knowledge']","{""ontology_id"": ""TEMP_diseases_3441"", ""match_method"": ""new_entity"", ""normalized_name"": ""Coronary_Stenosis"", ""text"": ""coronary stenoses""}"
123,489,,TEMP_diseases_2769,"['Disease', 'Knowledge']","{""ontology_id"": ""TEMP_diseases_2769"", ""match_method"": ""new_entity"", ""normalized_name"": ""Coronary Artery Stenosis >70%"", ""text"": "">70% stenosis""}"
124,490,,TEMP_diseases_5272,"['Disease', 'Knowledge']","{""ontology_id"": ""TEMP_diseases_5272"", ""match_method"": ""new_entity"", ""normalized_name"": ""Low-attenuation plaque"", ""text"": ""low-attenuation plaque""}"
125,497,,TEMP_diseases_4036,"['Disease', 'Knowledge']","{""ontology_id"": ""TEMP_diseases_4036"", ""match_method"": ""new_entity"", ""normalized_name"": ""Proximal_lesion"", ""text"": ""more proximal lesions""}"
126,502,,TEMP_diseases_1556,"['Disease', 'Knowledge']","{""ontology_id"": ""TEMP_diseases_1556"", ""match_method"": ""new_entity"", ""normalized_name"": ""Cardiovascular death or non-fatal MI"", ""text"": ""cardiovascular death or non-fatal MI""}"
127,509,,TEMP_diseases_8224,"['Disease', 'Knowledge']","{""ontology_id"": ""TEMP_diseases_8224"", ""match_method"": ""new_entity"", ""normalized_name"": ""Chronic_Obstructive_Pulmonary_Disease"", ""text"": ""chronic obstructive pulmonary disease subjects""}"
128,517,,TEMP_diseases_9190,"['Disease', 'Knowledge']","{""ontology_id"": ""TEMP_diseases_9190"", ""match_method"": ""new_entity"", ""normalized_name"": ""Extracoronary_Atherosclerosis"", ""text"": ""extracoronary atherosclerosis""}"
129,523,,TEMP_diseases_2057,"['Disease', 'Knowledge']","{""ontology_id"": ""TEMP_diseases_2057"", ""match_method"": ""new_entity"", ""normalized_name"": ""Non-obstructive Coronary Atherosclerosis"", ""text"": ""non-obstructive coronary atherosclerosis""}"
130,543,,TEMP_diseases_7945,"['Disease', 'Knowledge']","{""ontology_id"": ""TEMP_diseases_7945"", ""match_method"": ""new_entity"", ""normalized_name"": ""Luminal_Obstruction"", ""text"": ""luminal obstructions""}"
131,546,,TEMP_diseases_5777,"['Disease', 'Knowledge']","{""ontology_id"": ""TEMP_diseases_5777"", ""match_method"": ""new_entity"", ""normalized_name"": ""Left_Ventricle_Dysfunction"", ""text"": ""left ventricle dysfunction""}"
132,547,,TEMP_diseases_6669,"['Disease', 'Knowledge']","{""ontology_id"": ""TEMP_diseases_6669"", ""match_method"": ""new_entity"", ""normalized_name"": ""Extensive Obstructive Coronary Artery Disease"", ""text"": ""extensive obstructive CAD""}"
133,550,,TEMP_diseases_5285,"['Disease', 'Knowledge']","{""ontology_id"": ""TEMP_diseases_5285"", ""match_method"": ""new_entity"", ""normalized_name"": ""Left_Main_Stenosis"", ""text"": ""CCTA showing ≥50% left main stenosis""}"
134,562,,TEMP_diseases_3210,"['Disease', 'Knowledge']","{""ontology_id"": ""TEMP_diseases_3210"", ""match_method"": ""new_entity"", ""normalized_name"": ""Left Main or Proximal LAD Lesions"", ""text"": ""lesions in the left main or proximal LAD""}"
135,567,,TEMP_diseases_2718,"['Disease', 'Knowledge']","{""ontology_id"": ""TEMP_diseases_2718"", ""match_method"": ""new_entity"", ""normalized_name"": ""Non_Fatal_Myocardial_Infarction"", ""text"": ""non-fatal myocardial infarction""}"
136,573,,TEMP_diseases_2847,"['Disease', 'Knowledge']","{""ontology_id"": ""TEMP_diseases_2847"", ""match_method"": ""new_entity"", ""normalized_name"": ""Lesions"", ""text"": ""lesions""}"
137,583,,TEMP_diseases_4211,"['Disease', 'Knowledge']","{""ontology_id"": ""TEMP_diseases_4211"", ""match_method"": ""new_entity"", ""normalized_name"": ""Endothelium-Dependent Vasomotor Tone Disorder"", ""text"": ""endothelium-dependent mechanisms of CMD and epicardial and microvascular vasomotor tone disorders""}"
138,587,,TEMP_diseases_7609,"['Disease', 'Knowledge']","{""ontology_id"": ""TEMP_diseases_7609"", ""match_method"": ""new_entity"", ""normalized_name"": ""Chronic_Coronary_Syndrome"", ""text"": ""symptomatic individuals with suspected chronic coronary syndrome""}"
139,589,,TEMP_diseases_6536,"['Disease', 'Knowledge']","{""ontology_id"": ""TEMP_diseases_6536"", ""match_method"": ""new_entity"", ""normalized_name"": ""Disease_Progression"", ""text"": ""disease progression""}"
140,594,,TEMP_diseases_6265,"['Disease', 'Knowledge']","{""ontology_id"": ""TEMP_diseases_6265"", ""match_method"": ""new_entity"", ""normalized_name"": ""Myocardial_Ischemia_Viability_Microvascular_Disease"", ""text"": ""myocardial ischaemia, viability, or microvascular disease""}"
141,596,,TEMP_diseases_5216,"['Disease', 'Knowledge']","{""ontology_id"": ""TEMP_diseases_5216"", ""match_method"": ""new_entity"", ""normalized_name"": ""Atrial Fibrillation"", ""text"": ""AF""}"
142,597,,TEMP_diseases_9963,"['Disease', 'Knowledge']","{""ontology_id"": ""TEMP_diseases_9963"", ""match_method"": ""new_entity"", ""normalized_name"": ""Renal_Insufficiency"", ""text"": ""renal insufficiency""}"
143,608,,TEMP_diseases_0850,"['Disease', 'Knowledge']","{""ontology_id"": ""TEMP_diseases_0850"", ""match_method"": ""new_entity"", ""normalized_name"": ""Obstructive_CAD_with_post_test_likelihood_less_than_5_percent"", ""text"": ""obstructive CAD with post-test likelihood <5%""}"
144,612,,TEMP_diseases_0402,"['Disease', 'Knowledge']","{""ontology_id"": ""TEMP_diseases_0402"", ""match_method"": ""new_entity"", ""normalized_name"": ""Left main stem stenosis ≥50%"", ""text"": ""≥50% stenosis of the left main stem""}"
145,615,,TEMP_diseases_2736,"['Disease', 'Knowledge']","{""ontology_id"": ""TEMP_diseases_2736"", ""match_method"": ""new_entity"", ""normalized_name"": ""Chronic_Coronary_Syndrome"", ""text"": ""Chronic coronary syndromes""}"
146,619,,TEMP_diseases_1375,"['Disease', 'Knowledge']","{""ontology_id"": ""TEMP_diseases_1375"", ""match_method"": ""new_entity"", ""normalized_name"": ""Complex_Ventricular_Ectopy"", ""text"": ""complex ventricular ectopy""}"
147,622,,TEMP_diseases_1372,"['Disease', 'Knowledge']","{""ontology_id"": ""TEMP_diseases_1372"", ""match_method"": ""new_entity"", ""normalized_name"": ""Stenosis"", ""text"": ""stenosis""}"
148,624,,TEMP_diseases_3978,"['Disease', 'Knowledge']","{""ontology_id"": ""TEMP_diseases_3978"", ""match_method"": ""new_entity"", ""normalized_name"": ""Adverse Plaque Characteristics"", ""text"": ""adverse plaque characteristics""}"
149,625,,TEMP_diseases_7816,"['Disease', 'Knowledge']","{""ontology_id"": ""TEMP_diseases_7816"", ""match_method"": ""new_entity"", ""normalized_name"": ""Fatal and Non-fatal Myocardial Infarction"", ""text"": ""fatal and non-fatal MI""}"
150,627,,TEMP_diseases_0550,"['Disease', 'Knowledge']","{""ontology_id"": ""TEMP_diseases_0550"", ""match_method"": ""new_entity"", ""normalized_name"": ""Prognosis_of_Obstructive_CAD-related_CCS"", ""text"": ""prognosis of obstructive CAD-related CCS""}"
151,632,,TEMP_diseases_8244,"['Disease', 'Knowledge']","{""ontology_id"": ""TEMP_diseases_8244"", ""match_method"": ""new_entity"", ""normalized_name"": ""Proximal lesion"", ""text"": ""more proximal lesion""}"
152,633,,TEMP_diseases_9795,"['Disease', 'Knowledge']","{""ontology_id"": ""TEMP_diseases_9795"", ""match_method"": ""new_entity"", ""normalized_name"": ""Chronic Coronary Syndrome"", ""text"": ""likelihood of CCS""}"
153,637,,TEMP_diseases_4881,"['Disease', 'Knowledge']","{""ontology_id"": ""TEMP_diseases_4881"", ""match_method"": ""new_entity"", ""normalized_name"": ""Ischemic_Etiology"", ""text"": ""ischaemic aetiology""}"
154,638,,TEMP_diseases_0812,"['Disease', 'Knowledge']","{""ontology_id"": ""TEMP_diseases_0812"", ""match_method"": ""new_entity"", ""normalized_name"": ""Acute_and_Chronic_Heart_Failure"", ""text"": ""acute and chronic HF""}"
155,639,,TEMP_diseases_8186,"['Disease', 'Knowledge']","{""ontology_id"": ""TEMP_diseases_8186"", ""match_method"": ""new_entity"", ""normalized_name"": ""Heart Failure with Preserved Ejection Fraction"", ""text"": ""HFpEF""}"
156,641,,TEMP_diseases_8987,"['Disease', 'Knowledge']","{""ontology_id"": ""TEMP_diseases_8987"", ""match_method"": ""new_entity"", ""normalized_name"": ""Diastolic_Dysfunction"", ""text"": ""diastolic dysfunction""}"
157,645,,TEMP_diseases_0157,"['Disease', 'Knowledge']","{""ontology_id"": ""TEMP_diseases_0157"", ""match_method"": ""new_entity"", ""normalized_name"": ""Heart_Failure_with_Severe_LV_Systolic_Dysfunction"", ""text"": ""heart failure in patients with severe LV systolic dysfunction""}"
158,652,,TEMP_diseases_7795,"['Disease', 'Knowledge']","{""ontology_id"": ""TEMP_diseases_7795"", ""match_method"": ""new_entity"", ""normalized_name"": ""Ischemic Coronary Disease"", ""text"": ""ICD""}"
159,654,,TEMP_diseases_1855,"['Disease', 'Knowledge']","{""ontology_id"": ""TEMP_diseases_1855"", ""match_method"": ""new_entity"", ""normalized_name"": ""Heart failure-related events in HFrEF"", ""text"": ""heart failure-related events in patients with HFrEF""}"
160,656,,TEMP_diseases_4269,"['Disease', 'Knowledge']","{""ontology_id"": ""TEMP_diseases_4269"", ""match_method"": ""new_entity"", ""normalized_name"": ""HFpEF"", ""text"": ""HFpEF for outcome improvement""}"
161,666,,TEMP_diseases_6571,"['Disease', 'Knowledge']","{""ontology_id"": ""TEMP_diseases_6571"", ""match_method"": ""new_entity"", ""normalized_name"": ""Recurrent_Angina"", ""text"": ""recurrent angina""}"
162,671,,TEMP_diseases_8602,"['Disease', 'Knowledge']","{""ontology_id"": ""TEMP_diseases_8602"", ""match_method"": ""new_entity"", ""normalized_name"": ""Coronary_Vasospasm"", ""text"": ""prevalence of coronary vasospasm""}"
163,675,,TEMP_diseases_2383,"['Disease', 'Knowledge']","{""ontology_id"": ""TEMP_diseases_2383"", ""match_method"": ""new_entity"", ""normalized_name"": ""Angina with non-obstructive CAD"", ""text"": ""angina and non-obstructive CAD""}"
164,677,,TEMP_diseases_8086,"['Disease', 'Knowledge']","{""ontology_id"": ""TEMP_diseases_8086"", ""match_method"": ""new_entity"", ""normalized_name"": ""Inflammatory_Disease"", ""text"": ""inflammatory diseases""}"
165,679,,TEMP_diseases_3159,"['Disease', 'Knowledge']","{""ontology_id"": ""TEMP_diseases_3159"", ""match_method"": ""cache_hit"", ""normalized_name"": ""Coronary_Vasomotor_Disorders"", ""text"": ""coronary vasomotor disorders""}"
166,681,,TEMP_diseases_7311,"['Disease', 'Knowledge']","{""ontology_id"": ""TEMP_diseases_7311"", ""match_method"": ""cache_hit"", ""normalized_name"": ""Epicardial Vasospastic Angina"", ""text"": ""epicardial VSA""}"
167,683,,TEMP_diseases_5105,"['Disease', 'Knowledge']","{""ontology_id"": ""TEMP_diseases_5105"", ""match_method"": ""new_entity"", ""normalized_name"": ""Multiple_Coronary_Spasms"", ""text"": ""multiple coronary spasms""}"
168,685,,TEMP_diseases_1946,"['Disease', 'Knowledge']","{""ontology_id"": ""TEMP_diseases_1946"", ""match_method"": ""new_entity"", ""normalized_name"": ""Angina with non-obstructive coronary arteries"", ""text"": ""angina with non-obstructive coronary arteries""}"
169,687,,TEMP_diseases_4697,"['Disease', 'Knowledge']","{""ontology_id"": ""TEMP_diseases_4697"", ""match_method"": ""cache_hit"", ""normalized_name"": ""Epicardial Obstructive Coronary Artery Disease"", ""text"": ""failure to diagnose epicardial obstructive CAD""}"
170,694,,TEMP_diseases_6810,"['Disease', 'Knowledge']","{""ontology_id"": ""TEMP_diseases_6810"", ""match_method"": ""cache_hit"", ""normalized_name"": ""Increased major adverse cardiac events"", ""text"": ""increased major adverse cardiac events""}"
171,695,,TEMP_diseases_6081,"['Disease', 'Knowledge']","{""ontology_id"": ""TEMP_diseases_6081"", ""match_method"": ""new_entity"", ""normalized_name"": ""Sudden_Cardiac_Death"", ""text"": ""sudden cardiac death""}"
172,696,,D001.001.001.001.001.003,"['Disease', 'Knowledge']","{""ontology_id"": ""D001.001.001.001.001.003"", ""match_method"": ""llm_match"", ""normalized_name"": ""Acute_Myocardial_Infarction"", ""text"": ""acute MI""}"
173,714,,TEMP_diseases_9610,"['Disease', 'Knowledge']","{""ontology_id"": ""TEMP_diseases_9610"", ""match_method"": ""cache_hit"", ""normalized_name"": ""Microvascular_Spasm"", ""text"": ""microvascular spasm""}"
174,715,,TEMP_diseases_0116,"['Disease', 'Knowledge']","{""ontology_id"": ""TEMP_diseases_0116"", ""match_method"": ""new_entity"", ""normalized_name"": ""Macrovascular_Spasm"", ""text"": ""macrovascular spasm""}"
175,727,,TEMP_diseases_0960,"['Disease', 'Knowledge']","{""ontology_id"": ""TEMP_diseases_0960"", ""match_method"": ""cache_hit"", ""normalized_name"": ""Severe Vasospastic Angina"", ""text"": ""severe VSA""}"
176,730,,TEMP_diseases_0014,"['Disease', 'Knowledge']","{""ontology_id"": ""TEMP_diseases_0014"", ""match_method"": ""new_entity"", ""normalized_name"": ""Non-obstructive Coronary Artery Disease"", ""text"": ""symptoms of non-obstructive coronary artery disease""}"
177,734,,TEMP_diseases_6495,"['Disease', 'Knowledge']","{""ontology_id"": ""TEMP_diseases_6495"", ""match_method"": ""new_entity"", ""normalized_name"": ""Non-obstructive Coronary Artery Disease"", ""text"": ""non-obstructive coronary arteries""}"
178,736,,TEMP_diseases_6940,"['Disease', 'Knowledge']","{""ontology_id"": ""TEMP_diseases_6940"", ""match_method"": ""new_entity"", ""normalized_name"": ""Microvascular Angina/Vasospastic Angina"", ""text"": ""MVA/VSA""}"
179,737,,TEMP_diseases_4937,"['Disease', 'Knowledge']","{""ontology_id"": ""TEMP_diseases_4937"", ""match_method"": ""new_entity"", ""normalized_name"": ""Coronary Microvasculature Structural or Functional Changes"", ""text"": ""structural or functional changes in the coronary microvasculature""}"
180,738,,TEMP_diseases_2259,"['Disease', 'Knowledge']","{""ontology_id"": ""TEMP_diseases_2259"", ""match_method"": ""new_entity"", ""normalized_name"": ""Abnormal_Vasoconstriction_of_Coronary_Arterioles"", ""text"": ""abnormal vasoconstriction of coronary arterioles""}"
181,739,,TEMP_diseases_6337,"['Disease', 'Knowledge']","{""ontology_id"": ""TEMP_diseases_6337"", ""match_method"": ""new_entity"", ""normalized_name"": ""Systemic Lupus Erythematosus"", ""text"": ""systemic lupus erythematosus""}"
182,740,,TEMP_diseases_4247,"['Disease', 'Knowledge']","{""ontology_id"": ""TEMP_diseases_4247"", ""match_method"": ""new_entity"", ""normalized_name"": ""Rheumatoid_Arthritis"", ""text"": ""rheumatoid arthritis""}"
183,741,,TEMP_diseases_4668,"['Disease', 'Knowledge']","{""ontology_id"": ""TEMP_diseases_4668"", ""match_method"": ""new_entity"", ""normalized_name"": ""Worse_Prognosis"", ""text"": ""worse prognosis""}"
184,742,,TEMP_diseases_8880,"['Disease', 'Knowledge']","{""ontology_id"": ""TEMP_diseases_8880"", ""match_method"": ""new_entity"", ""normalized_name"": ""Coronary_Vasospasm"", ""text"": ""higher prevalence of coronary vasospasm""}"
185,745,,TEMP_diseases_6047,"['Disease', 'Knowledge']","{""ontology_id"": ""TEMP_diseases_6047"", ""match_method"": ""new_entity"", ""normalized_name"": ""Coronary_Spasm"", ""text"": ""lower prevalence of coronary spasms""}"
186,747,,TEMP_diseases_7534,"['Disease', 'Knowledge']","{""ontology_id"": ""TEMP_diseases_7534"", ""match_method"": ""new_entity"", ""normalized_name"": ""ANOCA/INOCA Endotypes"", ""text"": ""subsequent search for ANOCA/INOCA endotypes""}"
187,750,,TEMP_diseases_4103,"['Disease', 'Knowledge']","{""ontology_id"": ""TEMP_diseases_4103"", ""match_method"": ""new_entity"", ""normalized_name"": ""Major Adverse Events"", ""text"": ""major adverse events""}"
188,753,,TEMP_diseases_5033,"['Disease', 'Knowledge']","{""ontology_id"": ""TEMP_diseases_5033"", ""match_method"": ""new_entity"", ""normalized_name"": ""Microvascular Angina with Reduced CFR or Increased IMR"", ""text"": ""MVA with reduced CFR and/or increased IMR""}"
189,760,,TEMP_diseases_7567,"['Disease', 'Knowledge']","{""ontology_id"": ""TEMP_diseases_7567"", ""match_method"": ""new_entity"", ""normalized_name"": ""Vasoconstrictor_Response_of_Coronary_Microvessels"", ""text"": ""vasoconstrictor response of coronary microvessels""}"
190,764,,TEMP_diseases_4308,"['Disease', 'Knowledge']","{""ontology_id"": ""TEMP_diseases_4308"", ""match_method"": ""cache_hit"", ""normalized_name"": ""Complications"", ""text"": ""complications""}"
191,767,,TEMP_diseases_7029,"['Disease', 'Knowledge']","{""ontology_id"": ""TEMP_diseases_7029"", ""match_method"": ""cache_hit"", ""normalized_name"": ""Hypertensive disorders of pregnancy"", ""text"": ""hypertensive disorders of pregnancy""}"
192,768,,TEMP_diseases_1005,"['Disease', 'Knowledge']","{""ontology_id"": ""TEMP_diseases_1005"", ""match_method"": ""cache_hit"", ""normalized_name"": ""Gestational_Diabetes"", ""text"": ""gestational diabetes""}"
193,777,,TEMP_diseases_5795,"['Disease', 'Knowledge']","{""ontology_id"": ""TEMP_diseases_5795"", ""match_method"": ""new_entity"", ""normalized_name"": ""Inflammatory_Rheumatic_Disease"", ""text"": ""Patients with inflammatory rheumatic diseases""}"
194,779,,TEMP_diseases_0522,"['Disease', 'Knowledge']","{""ontology_id"": ""TEMP_diseases_0522"", ""match_method"": ""new_entity"", ""normalized_name"": ""Inflammatory_Rheumatic_Disease"", ""text"": ""inflamatory rheumatic diseases""}"
195,780,,TEMP_diseases_3257,"['Disease', 'Knowledge']","{""ontology_id"": ""TEMP_diseases_3257"", ""match_method"": ""new_entity"", ""normalized_name"": ""Asymptomatic_ASCVD"", ""text"": ""asymptomatic ASCVD""}"
196,781,,TEMP_diseases_7039,"['Disease', 'Knowledge']","{""ontology_id"": ""TEMP_diseases_7039"", ""match_method"": ""new_entity"", ""normalized_name"": ""Rheumatic_and_Musculoskeletal_Diseases"", ""text"": ""higher prevalences in other rheumatic and musculoskeletal diseases""}"
197,782,,TEMP_diseases_7427,"['Disease', 'Knowledge']","{""ontology_id"": ""TEMP_diseases_7427"", ""match_method"": ""new_entity"", ""normalized_name"": ""Atherosclerotic Cardiovascular Disease"", ""text"": ""identification of ASCVD""}"
198,784,,TEMP_diseases_3241,"['Disease', 'Knowledge']","{""ontology_id"": ""TEMP_diseases_3241"", ""match_method"": ""cache_hit"", ""normalized_name"": ""Cardiovascular Disease"", ""text"": ""CVD""}"
199,787,,TEMP_diseases_1413,"['Disease', 'Knowledge']","{""ontology_id"": ""TEMP_diseases_1413"", ""match_method"": ""new_entity"", ""normalized_name"": ""Cardiovascular_Outcomes"", ""text"": ""cardiovascular outcomes""}"
200,791,,D001.001.002.001,"['Disease', 'Knowledge']","{""ontology_id"": ""D001.001.002.001"", ""match_method"": ""cache_hit"", ""normalized_name"": ""Symptomatic_Angina"", ""text"": ""symptomatic angina""}"
201,792,,TEMP_diseases_2730,"['Disease', 'Knowledge']","{""ontology_id"": ""TEMP_diseases_2730"", ""match_method"": ""new_entity"", ""normalized_name"": ""Coronary artery disease and atrial fibrillation"", ""text"": ""CAD and AF""}"
202,798,,TEMP_diseases_8115,"['Disease', 'Knowledge']","{""ontology_id"": ""TEMP_diseases_8115"", ""match_method"": ""cache_hit"", ""normalized_name"": ""Secondary Mitral Regurgitation"", ""text"": ""secondary mitral regurgitation""}"
203,800,,TEMP_diseases_7123,"['Disease', 'Knowledge']","{""ontology_id"": ""TEMP_diseases_7123"", ""match_method"": ""cache_hit"", ""normalized_name"": ""Significant_Coronary_Stenosis"", ""text"": ""significant coronary stenosis""}"
204,801,,TEMP_diseases_4056,"['Disease', 'Knowledge']","{""ontology_id"": ""TEMP_diseases_4056"", ""match_method"": ""new_entity"", ""normalized_name"": ""Coronary Artery Diameter Stenosis"", ""text"": ""coronary artery diameter stenosis of >70%""}"
205,802,,TEMP_diseases_2296,"['Disease', 'Knowledge']","{""ontology_id"": ""TEMP_diseases_2296"", ""match_method"": ""new_entity"", ""normalized_name"": ""CAD_Progression"", ""text"": ""CAD progression""}"
206,803,,TEMP_diseases_8426,"['Disease', 'Knowledge']","{""ontology_id"": ""TEMP_diseases_8426"", ""match_method"": ""cache_hit"", ""normalized_name"": ""Acute_Kidney_Injury"", ""text"": ""acute kidney injury""}"
207,805,,TEMP_diseases_4680,"['Disease', 'Knowledge']","{""ontology_id"": ""TEMP_diseases_4680"", ""match_method"": ""cache_hit"", ""normalized_name"": ""Acute Kidney Injury"", ""text"": ""AKI""}"
208,806,,TEMP_diseases_8445,"['Disease', 'Knowledge']","{""ontology_id"": ""TEMP_diseases_8445"", ""match_method"": ""cache_hit"", ""normalized_name"": ""Chronic kidney disease"", ""text"": ""CKD""}"
209,810,,TEMP_diseases_5614,"['Disease', 'Knowledge']","{""ontology_id"": ""TEMP_diseases_5614"", ""match_method"": ""new_entity"", ""normalized_name"": ""Subsequent_Cancer_Diagnosis"", ""text"": ""subsequent cancer diagnosis""}"
210,811,,TEMP_diseases_0486,"['Disease', 'Knowledge']","{""ontology_id"": ""TEMP_diseases_0486"", ""match_method"": ""cache_hit"", ""normalized_name"": ""Human Immunodeficiency Virus"", ""text"": ""HIV""}"
211,825,,TEMP_diseases_6079,"['Disease', 'Knowledge']","{""ontology_id"": ""TEMP_diseases_6079"", ""match_method"": ""cache_hit"", ""normalized_name"": ""Atherosclerotic Cardiovascular Disease"", ""text"": ""ASCVD""}"
212,827,,TEMP_diseases_0732,"['Disease', 'Knowledge']","{""ontology_id"": ""TEMP_diseases_0732"", ""match_method"": ""new_entity"", ""normalized_name"": ""Non-calcified_plaque"", ""text"": ""non-calcified plaque""}"
213,831,,TEMP_diseases_0245,"['Disease', 'Knowledge']","{""ontology_id"": ""TEMP_diseases_0245"", ""match_method"": ""new_entity"", ""normalized_name"": ""Coronary_Artery_Disease"", ""text"": ""high incidence and prevalence of CAD""}"
214,846,,TEMP_diseases_9572,"['Disease', 'Knowledge']","{""ontology_id"": ""TEMP_diseases_9572"", ""match_method"": ""new_entity"", ""normalized_name"": ""Placental abruption"", ""text"": ""placental abruption""}"
215,848,,TEMP_diseases_0799,"['Disease', 'Knowledge']","{""ontology_id"": ""TEMP_diseases_0799"", ""match_method"": ""new_entity"", ""normalized_name"": ""Higher Risk of MACE post PCI"", ""text"": ""higher risk of MACE post-PCI""}"
216,857,,TEMP_diseases_0631,"['Disease', 'Knowledge']","{""ontology_id"": ""TEMP_diseases_0631"", ""match_method"": ""new_entity"", ""normalized_name"": ""Inflammatory_Rheumatic_Diseases"", ""text"": ""inflammatory rheumatic diseases""}"
217,863,,TEMP_diseases_8759,"['Disease', 'Knowledge']","{""ontology_id"": ""TEMP_diseases_8759"", ""match_method"": ""new_entity"", ""normalized_name"": ""Ischemic Left Ventricular Dysfunction"", ""text"": ""ischaemic LV dysfunction""}"
218,864,,TEMP_diseases_2810,"['Disease', 'Knowledge']","{""ontology_id"": ""TEMP_diseases_2810"", ""match_method"": ""new_entity"", ""normalized_name"": ""Coronary Artery Diameter Stenosis >70% in Proximal Segments"", ""text"": ""coronary artery diameter stenosis >70% in proximal segments""}"
219,866,,TEMP_diseases_0560,"['Disease', 'Knowledge']","{""ontology_id"": ""TEMP_diseases_0560"", ""match_method"": ""new_entity"", ""normalized_name"": ""Coronary_Artery_Disease_Progression"", ""text"": ""coronary artery disease progression""}"
220,867,,TEMP_diseases_7875,"['Disease', 'Knowledge']","{""ontology_id"": ""TEMP_diseases_7875"", ""match_method"": ""new_entity"", ""normalized_name"": ""Advanced_Plaque_Features"", ""text"": ""more advanced plaque features""}"
221,880,,TEMP_diseases_7446,"['Disease', 'Knowledge']","{""ontology_id"": ""TEMP_diseases_7446"", ""match_method"": ""cache_hit"", ""normalized_name"": ""Obstructive_Coronary_Stenosis"", ""text"": ""obstructive coronary stenosis""}"
222,882,,TEMP_diseases_6465,"['Disease', 'Knowledge']","{""ontology_id"": ""TEMP_diseases_6465"", ""match_method"": ""cache_hit"", ""normalized_name"": ""Subclinical_Atherosclerosis"", ""text"": ""subclinical atherosclerosis""}"
223,1120,,D001,"['Ontology', 'Disease']","{""ontology_id"": ""D001"", ""level"": 1, ""parent_id"": ""ROOT"", ""definition"": ""Cardiovascular disease refers to a broad range of disorders affecting the heart and blood vessels, including conditions such as coronary artery disease, heart failure, arrhythmias, and cerebrovascular diseases. These conditions are often related to atherosclerosis, hypertension, and other risk factors that impair normal cardiovascular function."", ""id"": ""D001"", ""label"": ""Cardiovascular_Disease"", ""type"": ""disease_root"", ""name_cn"": ""心血管疾病"", ""name_en"": ""Cardiovascular_Disease""}"
224,1121,,D001.001,"['Ontology', 'Disease']","{""ontology_id"": ""D001.001"", ""level"": 2, ""parent_id"": ""D001"", ""definition"": ""Myocardial Ischemic Disease is a category of diseases characterized by the insufficient blood supply to the myocardium due to coronary artery obstruction, which leads to an imbalance between myocardial oxygen demand and supply, potentially resulting in ischemia and associated clinical manifestations such as angina pectoris, myocardial infarction, and heart failure."", ""label"": ""Myocardial_Ischemic_Disease"", ""id"": ""D001.001"", ""type"": ""disease_category"", ""name_cn"": ""心肌缺血性疾病"", ""name_en"": ""Myocardial_Ischemic_Disease""}"
225,1122,,D001.001.001,"['Ontology', 'Disease']","{""ontology_id"": ""D001.001.001"", ""umls_definition"": ""Signs and symptoms related to acute ischemia of the myocardium secondary to coronary artery disease. The clinical presentation covers a spectrum of heart diseases from unstable angina to myocardial infarction."", ""umls_all_sources"": ""[\""CHV\"", \""HPO\"", \""MDR\"", \""MDRARA\"", \""MDRCZE\"", \""MDRDUT\"", \""MEDCIN\"", \""MSH\"", \""MSHCZE\"", \""NCI\"", \""SNOMEDCT_US\""]"", ""level"": 3, ""umls_cui"": ""C0948089"", ""label"": ""Acute_Coronary_Syndrome"", ""type"": ""disease_syndrome"", ""umls_score"": 0.9918, ""umls_sources"": ""[\""SNOMEDCT_US\""]"", ""umls_types"": ""[\""T047\""]"", ""parent_id"": ""D001.001"", ""umls_canonical_name"": ""Acute Coronary Syndrome"", ""definition"": ""Acute Coronary Syndrome (ACS) refers to a spectrum of clinical presentations resulting from the rupture or erosion of unstable atherosclerotic plaques in the coronary arteries, leading to thrombosis and subsequent acute myocardial ischemia. ACS encompasses various conditions including unstable angina, non-ST elevation myocardial infarction (NSTEMI), and ST elevation myocardial infarction (STEMI), characterized by sudden onset chest pain, changes in electrocardiogram, and elevated cardiac biomarkers."", ""id"": ""D001.001.001"", ""umls_mapping_json"": ""{\""cui\"": \""C0948089\"", \""canonical_name\"": \""Acute Coronary Syndrome\"", \""score\"": 0.9918, \""types\"": [\""T047\""], \""definition\"": \""Signs and symptoms related to acute ischemia of the myocardium secondary to coronary artery disease. The clinical presentation covers a spectrum of heart diseases from unstable angina to myocardial infarction.\"", \""sources\"": [\""SNOMEDCT_US\""], \""all_sources\"": [\""CHV\"", \""HPO\"", \""MDR\"", \""MDRARA\"", \""MDRCZE\"", \""MDRDUT\"", \""MEDCIN\"", \""MSH\"", \""MSHCZE\"", \""NCI\"", \""SNOMEDCT_US\""]}"", ""name_cn"": ""急性冠脉综合征"", ""name_en"": ""Acute_Coronary_Syndrome""}"
226,1123,,D001.001.001.001,"['Ontology', 'Disease']","{""ontology_id"": ""D001.001.001.001"", ""level"": 4, ""parent_id"": ""D001.001.001"", ""definition"": ""Acute Myocardial Infarction is a serious medical condition characterized by the necrosis of heart muscle tissue due to acute and prolonged ischemia and hypoxia caused by obstruction of the coronary arteries, often resulting from a thrombus or plaque rupture."", ""label"": ""Acute_Myocardial_Infarction"", ""id"": ""D001.001.001.001"", ""type"": ""disease_specific"", ""name_cn"": ""急性心肌梗死"", ""name_en"": ""Acute_Myocardial_Infarction""}"
227,1124,,D001.001.001.001.001,"['Ontology', 'Disease']","{""ontology_id"": ""D001.001.001.001.001"", ""umls_definition"": """", ""umls_all_sources"": ""[\""CHV\"", \""LNC\"", \""MTH\"", \""SCTSPA\"", \""SNMI\"", \""SNOMEDCT_US\""]"", ""level"": 5, ""umls_cui"": ""C0439775"", ""label"": ""ST_Elevation_Myocardial_Infarction"", ""type"": ""disease_subtype"", ""umls_score"": 0.9518, ""umls_sources"": ""[\""SNOMEDCT_US\""]"", ""umls_types"": ""[\""T061\""]"", ""parent_id"": ""D001.001.001.001"", ""umls_canonical_name"": ""Elevation procedure"", ""definition"": ""ST Elevation Myocardial Infarction (STEMI) is a subtype of acute myocardial infarction characterized by the elevation of the ST segment on the electrocardiogram (ECG), indicating the presence of significant myocardial ischemia and a high likelihood of a complete blockage in a coronary artery, necessitating prompt medical intervention to restore blood flow and minimize myocardial damage."", ""id"": ""D001.001.001.001.001"", ""umls_mapping_json"": ""{\""cui\"": \""C0439775\"", \""canonical_name\"": \""Elevation procedure\"", \""score\"": 0.9518, \""types\"": [\""T061\""], \""definition\"": \""\"", \""sources\"": [\""SNOMEDCT_US\""], \""all_sources\"": [\""CHV\"", \""LNC\"", \""MTH\"", \""SCTSPA\"", \""SNMI\"", \""SNOMEDCT_US\""]}"", ""name_cn"": ""ST段抬高性心肌梗死"", ""name_en"": ""ST_Elevation_Myocardial_Infarction""}"
228,1125,,D001.001.001.001.001.001,"['Ontology', 'Disease']","{""ontology_id"": ""D001.001.001.001.001.001"", ""level"": 6, ""parent_id"": ""D001.001.001.001.001"", ""definition"": ""Anterior ST-Elevation Myocardial Infarction (anterior STEMI) is a type of acute myocardial infarction characterized by the elevation of the ST segment on the electrocardiogram, specifically affecting the anterior wall of the heart, typically due to occlusion of the left anterior descending artery."", ""id"": ""D001.001.001.001.001.001"", ""label"": ""Anterior_STEMI"", ""type"": ""disease_location"", ""name_cn"": ""前壁心肌梗死"", ""name_en"": ""Anterior_STEMI""}"
229,1126,,D001.001.001.001.001.002,"['Ontology', 'Disease']","{""ontology_id"": ""D001.001.001.001.001.002"", ""level"": 6, ""parent_id"": ""D001.001.001.001.001"", ""definition"": ""Inferior ST-Elevation Myocardial Infarction (Inferior STEMI) is a condition characterized by the elevation of the ST segment on an electrocardiogram (ECG) and involves the ischemic damage to the inferior wall of the heart, typically resulting from occlusion of the right coronary artery or other coronary arteries supplying the inferior myocardium."", ""id"": ""D001.001.001.001.001.002"", ""label"": ""Inferior_STEMI"", ""type"": ""disease_location"", ""name_cn"": ""下壁心肌梗死"", ""name_en"": ""Inferior_STEMI""}"
230,1127,,D001.001.001.001.001.003,"['Ontology', 'Disease']","{""ontology_id"": ""D001.001.001.001.001.003"", ""level"": 6, ""parent_id"": ""D001.001.001.001.001"", ""definition"": ""Lateral ST-Elevation Myocardial Infarction (Lateral STEMI) refers to a specific type of myocardial infarction characterized by ST-segment elevation on an electrocardiogram, predominantly affecting the lateral wall of the heart, which is typically supplied by the left circumflex artery or the diagonal branches of the left anterior descending artery."", ""id"": ""D001.001.001.001.001.003"", ""label"": ""Lateral_STEMI"", ""type"": ""disease_location"", ""name_cn"": ""侧壁心肌梗死"", ""name_en"": ""Lateral_STEMI""}"
231,1128,,D001.001.001.001.001.004,"['Ontology', 'Disease']","{""ontology_id"": ""D001.001.001.001.001.004"", ""umls_definition"": ""Pertaining to the back or upper surface of the body; opposite of ventral."", ""umls_all_sources"": ""[\""CHV\"", \""FMA\"", \""HL7V2.5\"", \""LNC\"", \""MTH\"", \""NCI\"", \""RCD\"", \""SNMI\"", \""SNOMEDCT_US\"", \""UWDA\""]"", ""level"": 6, ""umls_cui"": ""C0205095"", ""label"": ""Posterior_STEMI"", ""type"": ""disease_location"", ""umls_score"": 0.9869, ""umls_sources"": ""[\""SNOMEDCT_US\""]"", ""umls_types"": ""[\""T082\""]"", ""parent_id"": ""D001.001.001.001.001"", ""umls_canonical_name"": ""Dorsal"", ""definition"": ""Posterior STEMI refers to an ST-segment elevation myocardial infarction that affects the posterior wall of the heart, characterized by the elevation of the ST segment on the electrocardiogram, indicating significant myocardial injury in the posterior region due to occlusion of the coronary arteries supplying that area."", ""id"": ""D001.001.001.001.001.004"", ""umls_mapping_json"": ""{\""cui\"": \""C0205095\"", \""canonical_name\"": \""Dorsal\"", \""score\"": 0.9869, \""types\"": [\""T082\""], \""definition\"": \""Pertaining to the back or upper surface of the body; opposite of ventral.\"", \""sources\"": [\""SNOMEDCT_US\""], \""all_sources\"": [\""CHV\"", \""FMA\"", \""HL7V2.5\"", \""LNC\"", \""MTH\"", \""NCI\"", \""RCD\"", \""SNMI\"", \""SNOMEDCT_US\"", \""UWDA\""]}"", ""name_cn"": ""后壁心肌梗死"", ""name_en"": ""Posterior_STEMI""}"
232,1129,,D001.001.001.001.002,"['Ontology', 'Disease']","{""ontology_id"": ""D001.001.001.001.002"", ""level"": 5, ""parent_id"": ""D001.001.001.001"", ""definition"": ""Non-ST-Elevation Myocardial Infarction (NSTEMI) is a subtype of acute myocardial infarction characterized by the absence of ST segment elevation on the electrocardiogram (ECG) while there is an elevation of cardiac biomarkers indicating myocardial injury."", ""id"": ""D001.001.001.001.002"", ""label"": ""Non_ST_Elevation_Myocardial_Infarction"", ""type"": ""disease_subtype"", ""name_cn"": ""非ST段抬高性心肌梗死"", ""name_en"": ""Non_ST_Elevation_Myocardial_Infarction""}"
233,1130,,D001.001.001.002,"['Ontology', 'Disease']","{""ontology_id"": ""D001.001.001.002"", ""umls_definition"": ""Subject to change; variable."", ""umls_all_sources"": ""[\""CCPSS\"", \""CHV\"", \""LNC\"", \""MTH\"", \""NCI\"", \""RCD\"", \""SCTSPA\"", \""SNOMEDCT_US\""]"", ""level"": 4, ""umls_cui"": ""C0443343"", ""label"": ""Unstable_Angina"", ""type"": ""disease_specific"", ""umls_score"": 0.9866, ""umls_sources"": ""[\""SNOMEDCT_US\""]"", ""umls_types"": ""[\""T033\""]"", ""parent_id"": ""D001.001.001"", ""umls_canonical_name"": ""Unstable status"", ""definition"": ""Unstable angina is an acute manifestation of coronary artery disease characterized by the occurrence of chest pain or discomfort that is more frequent, prolonged, or severe than stable angina. It represents a critical stage between stable angina and acute myocardial infarction, indicating a potential for imminent heart attack due to significantly reduced blood flow to the heart muscle, often resulting from the rupture of an atherosclerotic plaque and subsequent thrombosis."", ""id"": ""D001.001.001.002"", ""umls_mapping_json"": ""{\""cui\"": \""C0443343\"", \""canonical_name\"": \""Unstable status\"", \""score\"": 0.9866, \""types\"": [\""T033\""], \""definition\"": \""Subject to change; variable.\"", \""sources\"": [\""SNOMEDCT_US\""], \""all_sources\"": [\""CCPSS\"", \""CHV\"", \""LNC\"", \""MTH\"", \""NCI\"", \""RCD\"", \""SCTSPA\"", \""SNOMEDCT_US\""]}"", ""name_cn"": ""不稳定性心绞痛"", ""name_en"": ""Unstable_Angina""}"
234,1131,,D001.001.001.002.001,"['Ontology', 'Disease']","{""ontology_id"": ""D001.001.001.002.001"", ""umls_definition"": """", ""umls_all_sources"": ""[\""BI\"", \""CCPSS\"", \""MDR\"", \""MDRARA\"", \""MDRCZE\"", \""MDRDUT\"", \""MDREST\"", \""MDRFIN\"", \""MDRFRE\"", \""MDRGER\"", \""MDRGRE\"", \""MDRHUN\"", \""MDRISL\"", \""MDRITA\"", \""MDRJPN\"", \""MDRKOR\"", \""MDRLAV\"", \""MDRLIT\"", \""MEDCIN\"", \""RCD\"", \""SNOMEDCT_US\""]"", ""level"": 5, ""umls_cui"": ""C0340289"", ""label"": ""New_Onset_Angina"", ""type"": ""disease_subtype"", ""umls_score"": 0.9777, ""umls_sources"": ""[\""SNOMEDCT_US\""]"", ""umls_types"": ""[\""T047\""]"", ""parent_id"": ""D001.001.001.002"", ""umls_canonical_name"": ""New onset angina"", ""definition"": ""New onset angina refers to the occurrence of exertional chest pain or discomfort due to myocardial ischemia that develops within a duration of two months, indicating a new episode of angina pectoris characterized by a lack of prior symptoms in the subject."", ""id"": ""D001.001.001.002.001"", ""umls_mapping_json"": ""{\""cui\"": \""C0340289\"", \""canonical_name\"": \""New onset angina\"", \""score\"": 0.9777, \""types\"": [\""T047\""], \""definition\"": \""\"", \""sources\"": [\""SNOMEDCT_US\""], \""all_sources\"": [\""BI\"", \""CCPSS\"", \""MDR\"", \""MDRARA\"", \""MDRCZE\"", \""MDRDUT\"", \""MDREST\"", \""MDRFIN\"", \""MDRFRE\"", \""MDRGER\"", \""MDRGRE\"", \""MDRHUN\"", \""MDRISL\"", \""MDRITA\"", \""MDRJPN\"", \""MDRKOR\"", \""MDRLAV\"", \""MDRLIT\"", \""MEDCIN\"", \""RCD\"", \""SNOMEDCT_US\""]}"", ""name_cn"": ""初发心绞痛"", ""name_en"": ""New_Onset_Angina""}"
235,1132,,D001.001.001.002.002,"['Ontology', 'Disease']","{""ontology_id"": ""D001.001.001.002.002"", ""level"": 5, ""parent_id"": ""D001.001.001.002"", ""definition"": ""Worsening Angina is a subtype of angina characterized by the exacerbation of pre-existing stable angina symptoms, which may include increased frequency, severity, or duration of chest pain or discomfort, often indicative of a progression in underlying coronary artery disease."", ""label"": ""Worsening_Angina"", ""id"": ""D001.001.001.002.002"", ""type"": ""disease_subtype"", ""name_cn"": ""恶化性心绞痛"", ""name_en"": ""Worsening_Angina""}"
236,1133,,D001.001.001.002.003,"['Ontology', 'Disease']","{""ontology_id"": ""D001.001.001.002.003"", ""umls_definition"": """", ""umls_all_sources"": ""[\""CHV\"", \""ICD9CM\"", \""ICPC2ICD10DUT\"", \""ICPC2ICD10ENG\"", \""MDR\"", \""MDRARA\"", \""MDRCZE\"", \""MDRDUT\"", \""MEDCIN\"", \""MTH\"", \""RCD\"", \""SNM\"", \""SNMI\"", \""SNOMEDCT_US\""]"", ""level"": 5, ""umls_cui"": ""C0152172"", ""label"": ""Rest_Angina"", ""type"": ""disease_subtype"", ""umls_score"": 0.9849, ""umls_sources"": ""[\""SNOMEDCT_US\""]"", ""umls_types"": ""[\""T047\""]"", ""parent_id"": ""D001.001.001.002"", ""umls_canonical_name"": ""Angina decubitus"", ""definition"": ""Rest angina is a type of angina pectoris characterized by the occurrence of chest pain or discomfort during periods of rest rather than physical exertion, often associated with underlying coronary artery disease and indicative of myocardial ischemia."", ""id"": ""D001.001.001.002.003"", ""umls_mapping_json"": ""{\""cui\"": \""C0152172\"", \""canonical_name\"": \""Angina decubitus\"", \""score\"": 0.9849, \""types\"": [\""T047\""], \""definition\"": \""\"", \""sources\"": [\""SNOMEDCT_US\""], \""all_sources\"": [\""CHV\"", \""ICD9CM\"", \""ICPC2ICD10DUT\"", \""ICPC2ICD10ENG\"", \""MDR\"", \""MDRARA\"", \""MDRCZE\"", \""MDRDUT\"", \""MEDCIN\"", \""MTH\"", \""RCD\"", \""SNM\"", \""SNMI\"", \""SNOMEDCT_US\""]}"", ""name_cn"": ""静息心绞痛"", ""name_en"": ""Rest_Angina""}"
237,1134,,D001.001.002,"['Ontology', 'Disease']","{""ontology_id"": ""D001.001.002"", ""umls_definition"": ""Angina pectoris which has not recently changed in frequency, duration or intensity. Stable angina pectoris is relieved by rest or administration or oral, sublingual or transdermal antianginal medications."", ""umls_all_sources"": ""[\""CCPSS\"", \""CHV\"", \""ICD10CM\"", \""LNC\"", \""MDRARA\"", \""MDRCZE\"", \""MDRDUT\"", \""MEDCIN\"", \""MSH\"", \""MSHCZE\"", \""MTH\"", \""NCI\"", \""RCD\"", \""SNOMEDCT_US\""]"", ""level"": 3, ""umls_cui"": ""C0340288"", ""label"": ""Stable_Angina"", ""type"": ""disease_syndrome"", ""umls_score"": 0.9887, ""umls_sources"": ""[\""ICD10CM\"", \""SNOMEDCT_US\""]"", ""umls_types"": ""[\""T047\""]"", ""parent_id"": ""D001.001"", ""umls_canonical_name"": ""Stable angina"", ""definition"": ""Stable angina is a clinical syndrome characterized by chest pain or discomfort occurring predictably with exertion or emotional stress, typically in response to a relatively fixed level of physical activity or stress. It results from myocardial ischemia due to coronary artery disease, and the symptoms are usually relieved by rest or nitrates."", ""id"": ""D001.001.002"", ""umls_mapping_json"": ""{\""cui\"": \""C0340288\"", \""canonical_name\"": \""Stable angina\"", \""score\"": 0.9887, \""types\"": [\""T047\""], \""definition\"": \""Angina pectoris which has not recently changed in frequency, duration or intensity. Stable angina pectoris is relieved by rest or administration or oral, sublingual or transdermal antianginal medications.\"", \""sources\"": [\""ICD10CM\"", \""SNOMEDCT_US\""], \""all_sources\"": [\""CCPSS\"", \""CHV\"", \""ICD10CM\"", \""LNC\"", \""MDRARA\"", \""MDRCZE\"", \""MDRDUT\"", \""MEDCIN\"", \""MSH\"", \""MSHCZE\"", \""MTH\"", \""NCI\"", \""RCD\"", \""SNOMEDCT_US\""]}"", ""name_cn"": ""稳定性心绞痛"", ""name_en"": ""Stable_Angina""}"
238,1135,,D001.001.002.001,"['Ontology', 'Disease']","{""ontology_id"": ""D001.001.002.001"", ""umls_definition"": """", ""umls_all_sources"": ""[\""MEDCIN\"", \""SCTSPA\"", \""SNOMEDCT_US\""]"", ""level"": 4, ""umls_cui"": ""C1998435"", ""label"": ""Typical_Angina"", ""type"": ""disease_subtype"", ""umls_score"": 0.9645, ""umls_sources"": ""[\""SNOMEDCT_US\""]"", ""umls_types"": ""[\""T184\""]"", ""parent_id"": ""D001.001.002"", ""umls_canonical_name"": ""Typical angina"", ""definition"": ""Typical angina refers to a subtype of angina pectoris characterized by the presence of three hallmark features: a sensation of chest pain or discomfort, which is typically triggered by physical exertion or emotional stress, and is relieved by rest or the use of nitrates. This type of angina is commonly associated with coronary artery disease and indicates a predictable pattern of ischemic heart symptoms."", ""id"": ""D001.001.002.001"", ""umls_mapping_json"": ""{\""cui\"": \""C1998435\"", \""canonical_name\"": \""Typical angina\"", \""score\"": 0.9645, \""types\"": [\""T184\""], \""definition\"": \""\"", \""sources\"": [\""SNOMEDCT_US\""], \""all_sources\"": [\""MEDCIN\"", \""SCTSPA\"", \""SNOMEDCT_US\""]}"", ""name_cn"": ""典型心绞痛"", ""name_en"": ""Typical_Angina""}"
239,1136,,D001.001.002.002,"['Ontology', 'Disease']","{""ontology_id"": ""D001.001.002.002"", ""umls_definition"": ""Angina pectoris which does not have associated classical symptoms of chest pain. Symptoms may include weakness, nausea, or sweating."", ""umls_all_sources"": ""[\""CCPSS\"", \""MDR\"", \""MDRARA\"", \""MDRCZE\"", \""MDRDUT\"", \""MDREST\"", \""MDRFIN\"", \""MDRFRE\"", \""MDRGER\"", \""MDRGRE\"", \""MDRHUN\"", \""MDRISL\"", \""MDRITA\"", \""MDRJPN\"", \""MDRKOR\"", \""MDRLAV\"", \""MDRLIT\"", \""MDRPOL\"", \""MDRPOR\"", \""MEDCIN\"", \""NCI\"", \""SNOMEDCT_US\""]"", ""level"": 4, ""umls_cui"": ""C0741026"", ""label"": ""Atypical_Angina"", ""type"": ""disease_subtype"", ""umls_score"": 0.9629, ""umls_sources"": ""[\""SNOMEDCT_US\""]"", ""umls_types"": ""[\""T047\""]"", ""parent_id"": ""D001.001.002"", ""umls_canonical_name"": ""Atypical angina"", ""definition"": ""Atypical Angina is a subtype of angina pectoris characterized by chest pain that presents with only two of the three classical characteristics: quality, location, and provocation or relief."", ""id"": ""D001.001.002.002"", ""umls_mapping_json"": ""{\""cui\"": \""C0741026\"", \""canonical_name\"": \""Atypical angina\"", \""score\"": 0.9629, \""types\"": [\""T047\""], \""definition\"": \""Angina pectoris which does not have associated classical symptoms of chest pain. Symptoms may include weakness, nausea, or sweating.\"", \""sources\"": [\""SNOMEDCT_US\""], \""all_sources\"": [\""CCPSS\"", \""MDR\"", \""MDRARA\"", \""MDRCZE\"", \""MDRDUT\"", \""MDREST\"", \""MDRFIN\"", \""MDRFRE\"", \""MDRGER\"", \""MDRGRE\"", \""MDRHUN\"", \""MDRISL\"", \""MDRITA\"", \""MDRJPN\"", \""MDRKOR\"", \""MDRLAV\"", \""MDRLIT\"", \""MDRPOL\"", \""MDRPOR\"", \""MEDCIN\"", \""NCI\"", \""SNOMEDCT_US\""]}"", ""name_cn"": ""不典型心绞痛"", ""name_en"": ""Atypical_Angina""}"
240,1137,,D001.001.002.003,"['Ontology', 'Disease']","{""ontology_id"": ""D001.001.002.003"", ""level"": 4, ""parent_id"": ""D001.001.002"", ""definition"": ""Non-Anginal Chest Pain refers to chest pain that meets only one of the three classic characteristics of angina pectoris or lacks all three characteristics entirely. These characteristics include: (1) a sensation of pressure, squeezing, or heaviness; (2) a relationship to physical exertion; and (3) relief with rest or nitroglycerin. Non-anginal chest pain is typically not due to coronary artery obstruction and may have various non-cardiac etiologies."", ""label"": ""Non_Anginal_Chest_Pain"", ""id"": ""D001.001.002.003"", ""type"": ""disease_subtype"", ""name_cn"": ""非心绞痛性胸痛"", ""name_en"": ""Non_Anginal_Chest_Pain""}"
241,1138,,D001.001.003,"['Ontology', 'Disease']","{""ontology_id"": ""D001.001.003"", ""umls_definition"": ""A hypoperfusion of the BLOOD through an organ or tissue caused by a PATHOLOGIC CONSTRICTION or obstruction of its BLOOD VESSELS, or an absence of BLOOD CIRCULATION."", ""umls_all_sources"": ""[\""LCH\"", \""LCH_NW\"", \""MDR\"", \""MDRARA\"", \""MDRCZE\"", \""MDRDUT\"", \""MSH\"", \""MSHCZE\"", \""MSHDUT\"", \""NANDA-I\"", \""NCI\"", \""PSY\"", \""RCD\"", \""SNM\"", \""SNOMEDCT_US\""]"", ""level"": 3, ""umls_cui"": ""C0022116"", ""label"": ""Silent_Myocardial_Ischemia"", ""type"": ""disease_syndrome"", ""umls_score"": 0.9904, ""umls_sources"": ""[\""SNOMEDCT_US\""]"", ""umls_types"": ""[\""T046\""]"", ""parent_id"": ""D001.001"", ""umls_canonical_name"": ""Ischemia"", ""definition"": ""Silent myocardial ischemia is a clinical condition characterized by the presence of objective evidence of myocardial ischemia, such as changes in electrocardiogram or imaging studies, without the classical symptomatology of angina pectoris or chest pain."", ""id"": ""D001.001.003"", ""umls_mapping_json"": ""{\""cui\"": \""C0022116\"", \""canonical_name\"": \""Ischemia\"", \""score\"": 0.9904, \""types\"": [\""T046\""], \""definition\"": \""A hypoperfusion of the BLOOD through an organ or tissue caused by a PATHOLOGIC CONSTRICTION or obstruction of its BLOOD VESSELS, or an absence of BLOOD CIRCULATION.\"", \""sources\"": [\""SNOMEDCT_US\""], \""all_sources\"": [\""LCH\"", \""LCH_NW\"", \""MDR\"", \""MDRARA\"", \""MDRCZE\"", \""MDRDUT\"", \""MSH\"", \""MSHCZE\"", \""MSHDUT\"", \""NANDA-I\"", \""NCI\"", \""PSY\"", \""RCD\"", \""SNM\"", \""SNOMEDCT_US\""]}"", ""name_cn"": ""无症状性心肌缺血"", ""name_en"": ""Silent_Myocardial_Ischemia""}"
242,1139,,D001.001.004,"['Ontology', 'Disease']","{""ontology_id"": ""D001.001.004"", ""level"": 3, ""parent_id"": ""D001.001"", ""definition"": ""Vasospastic Angina is a syndrome characterized by episodes of chest pain (angina) resulting from transient coronary artery spasms, which lead to reduced blood flow to the heart muscle. This condition may occur at rest, often during sleep or emotional stress, and is typically associated with reversible myocardial ischemia."", ""label"": ""Vasospastic_Angina"", ""id"": ""D001.001.004"", ""type"": ""disease_syndrome"", ""name_cn"": ""血管痉挛性心绞痛"", ""name_en"": ""Vasospastic_Angina""}"
243,1140,,D001.001.005,"['Ontology', 'Disease']","{""ontology_id"": ""D001.001.005"", ""umls_definition"": ""A disorder affecting the smallest coronary arteries. Causes include atherosclerosis and arterial spasm. Chest pain is a frequently observed symptom."", ""umls_all_sources"": ""[\""CHV\"", \""MDR\"", \""MDRARA\"", \""MDRCZE\"", \""MDRDUT\"", \""MSH\"", \""MSHCZE\"", \""MSHDUT\"", \""MTH\"", \""NCI\"", \""SNOMEDCT_US\""]"", ""level"": 3, ""umls_cui"": ""C0206064"", ""label"": ""Microvascular_Angina"", ""type"": ""disease_syndrome"", ""umls_score"": 0.9854, ""umls_sources"": ""[\""SNOMEDCT_US\""]"", ""umls_types"": ""[\""T047\""]"", ""parent_id"": ""D001.001"", ""umls_canonical_name"": ""Microvascular Angina"", ""definition"": ""Microvascular angina is a clinical syndrome characterized by angina pectoris resulting from dysfunction of the coronary microcirculation, which leads to inadequate blood supply to the myocardial tissue despite the absence of significant epicardial coronary artery disease."", ""id"": ""D001.001.005"", ""umls_mapping_json"": ""{\""cui\"": \""C0206064\"", \""canonical_name\"": \""Microvascular Angina\"", \""score\"": 0.9854, \""types\"": [\""T047\""], \""definition\"": \""A disorder affecting the smallest coronary arteries. Causes include atherosclerosis and arterial spasm. Chest pain is a frequently observed symptom.\"", \""sources\"": [\""SNOMEDCT_US\""], \""all_sources\"": [\""CHV\"", \""MDR\"", \""MDRARA\"", \""MDRCZE\"", \""MDRDUT\"", \""MSH\"", \""MSHCZE\"", \""MSHDUT\"", \""MTH\"", \""NCI\"", \""SNOMEDCT_US\""]}"", ""name_cn"": ""微血管性心绞痛"", ""name_en"": ""Microvascular_Angina""}"
244,1141,,D001.001.006,"['Ontology', 'Disease']","{""ontology_id"": ""D001.001.006"", ""level"": 3, ""parent_id"": ""D001.001"", ""definition"": ""A term used to describe the clinical presentations of coronary artery disease during stable periods, particularly those preceding or following an acute coronary syndrome."", ""label"": ""Chronic Coronary Syndromes"", ""id"": ""D001.001.006"", ""type"": ""disease_syndrome"", ""name_cn"": ""慢性冠状动脉综合征"", ""name_en"": ""Chronic Coronary Syndromes""}"
245,1142,,D001.001.006.001,"['Ontology', 'Disease']","{""ontology_id"": ""D001.001.006.001"", ""level"": 4, ""parent_id"": ""D001.001.006"", ""definition"": ""A severe form of coronary artery disease characterized by extensive obstruction in the coronary arteries."", ""id"": ""D001.001.006.001"", ""label"": ""Extensive Obstructive Coronary Artery Disease"", ""type"": ""Disease"", ""name_cn"": ""广泛性阻塞性冠状动脉疾病"", ""name_en"": ""Extensive Obstructive Coronary Artery Disease""}"
246,1143,,D001.001.007,"['Ontology', 'Disease']","{""ontology_id"": ""D001.001.007"", ""umls_definition"": ""insufficient blood supply to a body part"", ""umls_all_sources"": ""[\""CHV\"", \""MTH\"", \""RCD\"", \""RCDAE\"", \""SCTSPA\"", \""SNMI\"", \""SNOMEDCT_US\""]"", ""level"": 3, ""umls_cui"": ""C0475224"", ""label"": ""Ischemic Left Ventricular Dysfunction"", ""umls_score"": 0.9888, ""umls_types"": ""[\""T169\""]"", ""umls_sources"": ""[\""SNOMEDCT_US\""]"", ""parent_id"": ""D001.001"", ""definition"": ""Left ventricular dysfunction caused by ischemic conditions, often due to coronary artery disease."", ""umls_canonical_name"": ""Ischemic"", ""id"": ""D001.001.007"", ""umls_mapping_json"": ""{\""cui\"": \""C0475224\"", \""canonical_name\"": \""Ischemic\"", \""score\"": 0.9888, \""types\"": [\""T169\""], \""definition\"": \""insufficient blood supply to a body part\"", \""sources\"": [\""SNOMEDCT_US\""], \""all_sources\"": [\""CHV\"", \""MTH\"", \""RCD\"", \""RCDAE\"", \""SCTSPA\"", \""SNMI\"", \""SNOMEDCT_US\""]}"", ""name_cn"": ""缺血性左心室功能障碍"", ""name_en"": ""Ischemic Left Ventricular Dysfunction""}"
247,1144,,D001.001.004.001,"['Ontology', 'Disease']","{""ontology_id"": ""D001.001.004.001"", ""level"": 4, ""parent_id"": ""D001.001.004"", ""definition"": ""A condition characterized by transient constriction of the coronary arteries, leading to reduced blood flow and myocardial ischemia."", ""label"": ""Coronary_Vasospasm"", ""id"": ""D001.001.004.001"", ""type"": ""disease"", ""name_cn"": ""冠状动脉痉挛"", ""name_en"": ""Coronary_Vasospasm""}"
248,1145,,D001.001.006.001.001,"['Ontology', 'Disease']","{""ontology_id"": ""D001.001.006.001.001"", ""umls_definition"": ""A term applied to differences, correlations, cause-and-effect relationships, etc., to indicate that they are noticeable, probably too closely correlated to be attributed to chance and therefore indicating a systematic relation: substantial, fairly large; also having consequence or import, important in effect or meaning. In statistics significant ordinarily indicates a probability of not less than 95 percent, while highly significant indicates a probability of not less than 99 percent."", ""umls_all_sources"": ""[\""CCPSS\"", \""CHV\"", \""LNC\"", \""MTH\"", \""NCI\"", \""SCTSPA\"", \""SNOMEDCT_US\""]"", ""level"": 5, ""umls_cui"": ""C0750502"", ""label"": ""Significant_Coronary_Stenosis"", ""type"": ""disease"", ""umls_score"": 0.9688, ""umls_sources"": ""[\""SNOMEDCT_US\""]"", ""umls_types"": ""[\""T078\""]"", ""parent_id"": ""D001.001.006.001"", ""umls_canonical_name"": ""Significant"", ""definition"": ""Coronary artery stenosis reaching a significant level, usually requiring medical intervention"", ""id"": ""D001.001.006.001.001"", ""umls_mapping_json"": ""{\""cui\"": \""C0750502\"", \""canonical_name\"": \""Significant\"", \""score\"": 0.9688, \""types\"": [\""T078\""], \""definition\"": \""A term applied to differences, correlations, cause-and-effect relationships, etc., to indicate that they are noticeable, probably too closely correlated to be attributed to chance and therefore indicating a systematic relation: substantial, fairly large; also having consequence or import, important in effect or meaning. In statistics significant ordinarily indicates a probability of not less than 95 percent, while highly significant indicates a probability of not less than 99 percent.\"", \""sources\"": [\""SNOMEDCT_US\""], \""all_sources\"": [\""CCPSS\"", \""CHV\"", \""LNC\"", \""MTH\"", \""NCI\"", \""SCTSPA\"", \""SNOMEDCT_US\""]}"", ""name_cn"": ""显著冠状动脉狭窄"", ""name_en"": ""Significant_Coronary_Stenosis""}"
249,1146,,D001.001.005.001,"['Ontology', 'Disease']","{""ontology_id"": ""D001.001.005.001"", ""level"": 4, ""parent_id"": ""D001.001.005"", ""definition"": ""A condition characterized by angina symptoms without obstructive coronary artery disease, often associated with microvascular dysfunction or vasospasm."", ""id"": ""D001.001.005.001"", ""label"": ""Angina with non-obstructive coronary arteries"", ""name_cn"": ""非阻塞性冠状动脉心绞痛"", ""name_en"": ""Angina with non-obstructive coronary arteries""}"
250,1147,,D001.002,"['Ontology', 'Disease']","{""ontology_id"": ""D001.002"", ""umls_definition"": ""A first-degree relative (parent, sibling, child) documented to have died suddenly of presumed cardiac etiology without other obvious cause."", ""umls_all_sources"": ""[\""ICD10CM\"", \""ICD9CM\"", \""MTH\"", \""NCI\"", \""SCTSPA\"", \""SNOMEDCT_US\""]"", ""level"": 2, ""umls_cui"": ""C2825161"", ""label"": ""Sudden_Cardiac_Death"", ""type"": ""disease"", ""umls_score"": 0.8308, ""umls_sources"": ""[\""ICD10CM\"", \""SNOMEDCT_US\""]"", ""umls_types"": ""[\""T033\""]"", ""parent_id"": ""D001"", ""umls_canonical_name"": ""Family history of sudden cardiac death (situation)"", ""definition"": ""An unexpected death caused by loss of heart function."", ""id"": ""D001.002"", ""umls_mapping_json"": ""{\""cui\"": \""C2825161\"", \""canonical_name\"": \""Family history of sudden cardiac death (situation)\"", \""score\"": 0.8308, \""types\"": [\""T033\""], \""definition\"": \""A first-degree relative (parent, sibling, child) documented to have died suddenly of presumed cardiac etiology without other obvious cause.\"", \""sources\"": [\""ICD10CM\"", \""SNOMEDCT_US\""], \""all_sources\"": [\""ICD10CM\"", \""ICD9CM\"", \""MTH\"", \""NCI\"", \""SCTSPA\"", \""SNOMEDCT_US\""]}"", ""name_cn"": ""心源性猝死"", ""name_en"": ""Sudden_Cardiac_Death""}"
251,1148,,D001.001.008,"['Ontology', 'Disease']","{""ontology_id"": ""D001.001.008"", ""level"": 2, ""parent_id"": ""D001.001"", ""definition"": ""A condition characterized by long-term myocardial ischemia due to coronary artery disease, distinct from acute coronary syndrome."", ""label"": ""Chronic_Coronary_Syndrome"", ""id"": ""D001.001.008"", ""type"": ""disease"", ""name_cn"": ""慢性冠脉综合征"", ""name_en"": ""Chronic_Coronary_Syndrome""}"
252,1149,,D001.003,"['Ontology', 'Disease']","{""ontology_id"": ""D001.003"", ""umls_definition"": ""An electrocardiographic finding of a supraventricular arrhythmia characterized by the replacement of consistent P waves by rapid oscillations or fibrillatory waves that vary in size, shape and timing and are accompanied by an irregularly irregular ventricular response. (CDISC)"", ""umls_all_sources"": ""[\""CHV\"", \""MEDCIN\"", \""MTH\"", \""NANDA-I\"", \""NCI\"", \""SCTSPA\"", \""SNOMEDCT_US\""]"", ""level"": 1, ""umls_cui"": ""C0344434"", ""label"": ""Atrial Fibrillation"", ""type"": ""disease"", ""umls_score"": 0.9682, ""umls_sources"": ""[\""SNOMEDCT_US\""]"", ""umls_types"": ""[\""T034\""]"", ""parent_id"": ""D001"", ""umls_canonical_name"": ""Atrial Fibrillation by ECG Finding"", ""definition"": ""An irregular and often rapid heart rate that can increase the risk of stroke, heart failure and other heart-related complications."", ""id"": ""D001.003"", ""umls_mapping_json"": ""{\""cui\"": \""C0344434\"", \""canonical_name\"": \""Atrial Fibrillation by ECG Finding\"", \""score\"": 0.9682, \""types\"": [\""T034\""], \""definition\"": \""An electrocardiographic finding of a supraventricular arrhythmia characterized by the replacement of consistent P waves by rapid oscillations or fibrillatory waves that vary in size, shape and timing and are accompanied by an irregularly irregular ventricular response. (CDISC)\"", \""sources\"": [\""SNOMEDCT_US\""], \""all_sources\"": [\""CHV\"", \""MEDCIN\"", \""MTH\"", \""NANDA-I\"", \""NCI\"", \""SCTSPA\"", \""SNOMEDCT_US\""]}"", ""name_cn"": ""心房颤动"", ""name_en"": ""Atrial Fibrillation""}"
253,1150,,PC002.002.006,"['Ontology', 'Disease']","{""ontology_id"": ""PC002.002.006"", ""umls_definition"": ""Conditions in which the function of KIDNEYS deteriorates suddenly in a matter of days or even hours. It is characterized by the sudden drop in GLOMERULAR FILTRATION RATE."", ""umls_all_sources"": ""[\""CCPSS\"", \""ICD10CM\"", \""ICPC2ICD10DUT\"", \""ICPC2ICD10ENG\"", \""LCH\"", \""MDR\"", \""MDRARA\"", \""MDRCZE\"", \""MDRDUT\"", \""MSH\"", \""MSHCZE\"", \""MTH\"", \""MTHICD9\"", \""SNOMEDCT_US\"", \""SNOMEDCT_VET\""]"", ""level"": 2, ""umls_cui"": ""C1565662"", ""label"": ""Renal_Insufficiency"", ""type"": ""disease"", ""umls_score"": 0.8789, ""umls_sources"": ""[\""ICD10CM\"", \""SNOMEDCT_US\""]"", ""umls_types"": ""[\""T047\""]"", ""parent_id"": ""PC002.002"", ""umls_canonical_name"": ""Acute Kidney Insufficiency"", ""definition"": ""A condition in which the kidneys fail to adequately filter waste products from the blood."", ""id"": ""PC002.002.006"", ""umls_mapping_json"": ""{\""cui\"": \""C1565662\"", \""canonical_name\"": \""Acute Kidney Insufficiency\"", \""score\"": 0.8789, \""types\"": [\""T047\""], \""definition\"": \""Conditions in which the function of KIDNEYS deteriorates suddenly in a matter of days or even hours. It is characterized by the sudden drop in GLOMERULAR FILTRATION RATE.\"", \""sources\"": [\""ICD10CM\"", \""SNOMEDCT_US\""], \""all_sources\"": [\""CCPSS\"", \""ICD10CM\"", \""ICPC2ICD10DUT\"", \""ICPC2ICD10ENG\"", \""LCH\"", \""MDR\"", \""MDRARA\"", \""MDRCZE\"", \""MDRDUT\"", \""MSH\"", \""MSHCZE\"", \""MTH\"", \""MTHICD9\"", \""SNOMEDCT_US\"", \""SNOMEDCT_VET\""]}"", ""name_cn"": ""肾功能不全"", ""name_en"": ""Renal_Insufficiency""}"
254,1151,,PC003.005.001.001,"['Ontology', 'Disease']","{""ontology_id"": ""PC003.005.001.001"", ""umls_definition"": """", ""umls_all_sources"": ""[\""CHV\"", \""LNC\"", \""RCD\"", \""SCTSPA\"", \""SNM\"", \""SNMI\"", \""SNOMEDCT_US\""]"", ""level"": 3, ""umls_cui"": ""C0549186"", ""label"": ""Obstructive_CAD_with_post_test_likelihood_less_than_5_percent"", ""type"": ""disease"", ""umls_score"": 0.9888, ""umls_sources"": ""[\""SNOMEDCT_US\""]"", ""umls_types"": ""[\""T169\""]"", ""parent_id"": ""PC003.005.001"", ""umls_canonical_name"": ""Obstructed"", ""definition"": ""Obstructive coronary artery disease with post-test likelihood less than 5%"", ""id"": ""PC003.005.001.001"", ""umls_mapping_json"": ""{\""cui\"": \""C0549186\"", \""canonical_name\"": \""Obstructed\"", \""score\"": 0.9888, \""types\"": [\""T169\""], \""definition\"": \""\"", \""sources\"": [\""SNOMEDCT_US\""], \""all_sources\"": [\""CHV\"", \""LNC\"", \""RCD\"", \""SCTSPA\"", \""SNM\"", \""SNMI\"", \""SNOMEDCT_US\""]}"", ""name_cn"": ""梗阻性冠状动脉疾病且检查后可能性<5%"", ""name_en"": ""Obstructive_CAD_with_post_test_likelihood_less_than_5_percent""}"
255,1152,,D001.001.006.001.002,"['Ontology', 'Disease']","{""ontology_id"": ""D001.001.006.001.002"", ""umls_definition"": ""A coronary artery that arises from the aorta and bifurcates into the left anterior descending artery and the left circumflex artery."", ""umls_all_sources"": ""[\""CHV\"", \""CSP\"", \""FMA\"", \""HCPCS\"", \""LNC\"", \""MTH\"", \""NCI\"", \""RCD\"", \""SNM\"", \""SNMI\"", \""SNOMEDCT_US\"", \""UWDA\""]"", ""level"": 4, ""umls_cui"": ""C1261082"", ""label"": ""Left main stem stenosis ≥50%"", ""type"": ""disease"", ""umls_score"": 0.8009, ""umls_sources"": ""[\""SNOMEDCT_US\""]"", ""umls_types"": ""[\""T023\""]"", ""parent_id"": ""D001.001.006.001"", ""umls_canonical_name"": ""Left coronary artery structure"", ""definition"": ""A condition where the left main coronary artery is narrowed by 50% or more, which can lead to significant reduction in blood flow to the heart muscle."", ""id"": ""D001.001.006.001.002"", ""umls_mapping_json"": ""{\""cui\"": \""C1261082\"", \""canonical_name\"": \""Left coronary artery structure\"", \""score\"": 0.8009, \""types\"": [\""T023\""], \""definition\"": \""A coronary artery that arises from the aorta and bifurcates into the left anterior descending artery and the left circumflex artery.\"", \""sources\"": [\""SNOMEDCT_US\""], \""all_sources\"": [\""CHV\"", \""CSP\"", \""FMA\"", \""HCPCS\"", \""LNC\"", \""MTH\"", \""NCI\"", \""RCD\"", \""SNM\"", \""SNMI\"", \""SNOMEDCT_US\"", \""UWDA\""]}"", ""name_cn"": ""左主干狭窄≥50%"", ""name_en"": ""Left main stem stenosis ≥50%""}"
256,1153,,D001.001.006.001.003,"['Ontology', 'Disease']","{""ontology_id"": ""D001.001.006.001.003"", ""umls_definition"": ""A coronary artery that arises from the aorta and bifurcates into the left anterior descending artery and the left circumflex artery."", ""umls_all_sources"": ""[\""CHV\"", \""CSP\"", \""FMA\"", \""HCPCS\"", \""LNC\"", \""MTH\"", \""NCI\"", \""RCD\"", \""SNM\"", \""SNMI\"", \""SNOMEDCT_US\"", \""UWDA\""]"", ""level"": 4, ""umls_cui"": ""C1261082"", ""label"": ""Left Main or Proximal LAD Lesions"", ""type"": ""disease"", ""umls_score"": 0.8038, ""umls_sources"": ""[\""SNOMEDCT_US\""]"", ""umls_types"": ""[\""T023\""]"", ""parent_id"": ""D001.001.006.001"", ""umls_canonical_name"": ""Left coronary artery structure"", ""definition"": ""Lesions located in the left main coronary artery or the proximal part of the left anterior descending artery, which supply a larger myocardial mass and are more likely to result in significant functional impairment."", ""id"": ""D001.001.006.001.003"", ""umls_mapping_json"": ""{\""cui\"": \""C1261082\"", \""canonical_name\"": \""Left coronary artery structure\"", \""score\"": 0.8038, \""types\"": [\""T023\""], \""definition\"": \""A coronary artery that arises from the aorta and bifurcates into the left anterior descending artery and the left circumflex artery.\"", \""sources\"": [\""SNOMEDCT_US\""], \""all_sources\"": [\""CHV\"", \""CSP\"", \""FMA\"", \""HCPCS\"", \""LNC\"", \""MTH\"", \""NCI\"", \""RCD\"", \""SNM\"", \""SNMI\"", \""SNOMEDCT_US\"", \""UWDA\""]}"", ""name_cn"": ""左主干或左前降支近端病变"", ""name_en"": ""Left Main or Proximal LAD Lesions""}"
257,1154,,D001.001.001.001.002.001,"['Ontology', 'Disease']","{""ontology_id"": ""D001.001.001.001.002.001"", ""level"": 5, ""parent_id"": ""D001.001.001.001.002"", ""definition"": ""Myocardial infarction that does not result in death"", ""label"": ""Non_Fatal_Myocardial_Infarction"", ""id"": ""D001.001.001.001.002.001"", ""type"": ""disease"", ""name_cn"": ""非致死性心肌梗死"", ""name_en"": ""Non_Fatal_Myocardial_Infarction""}"
258,1155,,D001.001.006.001.001.004,"['Ontology', 'Disease']","{""ontology_id"": ""D001.001.006.001.001.004"", ""level"": 5, ""parent_id"": ""D001.001.006.001.001"", ""definition"": ""A type of stenosis that is fixed and limits blood flow, often associated with atherosclerotic lesions."", ""label"": ""Fixed_Flow_Limiting_Stenoses"", ""id"": ""D001.001.006.001.001.004"", ""type"": ""disease"", ""name_cn"": ""固定性血流限制性狭窄"", ""name_en"": ""Fixed_Flow_Limiting_Stenoses""}"
259,1156,,D001.001.010,"['Ontology', 'Disease']","{""ontology_id"": ""D001.001.010"", ""umls_definition"": ""Widely spread; not localized or confined."", ""umls_all_sources"": ""[\""CHV\"", \""HPO\"", \""LNC\"", \""MTH\"", \""NCI\"", \""RCD\"", \""SCTSPA\"", \""SNMI\"", \""SNOMEDCT_US\""]"", ""level"": 2, ""umls_cui"": ""C0205219"", ""label"": ""Diffuse_Atherosclerotic_Lesions"", ""type"": ""disease"", ""umls_score"": 0.9735, ""umls_sources"": ""[\""SNOMEDCT_US\""]"", ""umls_types"": ""[\""T082\""]"", ""parent_id"": ""D001.001"", ""umls_canonical_name"": ""Diffuse"", ""definition"": ""Atherosclerotic lesions that are spread out over a large area of the blood vessels, potentially causing ischemia under stress even without identifiable luminal narrowing."", ""id"": ""D001.001.010"", ""umls_mapping_json"": ""{\""cui\"": \""C0205219\"", \""canonical_name\"": \""Diffuse\"", \""score\"": 0.9735, \""types\"": [\""T082\""], \""definition\"": \""Widely spread; not localized or confined.\"", \""sources\"": [\""SNOMEDCT_US\""], \""all_sources\"": [\""CHV\"", \""HPO\"", \""LNC\"", \""MTH\"", \""NCI\"", \""RCD\"", \""SCTSPA\"", \""SNMI\"", \""SNOMEDCT_US\""]}"", ""name_cn"": ""弥漫性动脉粥样硬化病变"", ""name_en"": ""Diffuse_Atherosclerotic_Lesions""}"
260,1157,,D001.001.006.002,"['Ontology', 'Disease']","{""ontology_id"": ""D001.001.006.002"", ""umls_definition"": ""The muscle tissue of the HEART. It is composed of striated, involuntary muscle cells (MYOCYTES, CARDIAC) connected to form the contractile pump to generate blood flow."", ""umls_all_sources"": ""[\""FMA\"", \""HL7V2.5\"", \""LCH_NW\"", \""LNC\"", \""MSH\"", \""MSHCZE\"", \""MSHDUT\"", \""MTH\"", \""NCI\"", \""PSY\"", \""RCD\"", \""SNM\"", \""SNMI\"", \""SNOMEDCT_US\"", \""UWDA\""]"", ""level"": 3, ""umls_cui"": ""C0027061"", ""label"": ""Myocardial_Bridging"", ""type"": ""disease"", ""umls_score"": 0.9722, ""umls_sources"": ""[\""SNOMEDCT_US\""]"", ""umls_types"": ""[\""T024\""]"", ""parent_id"": ""D001.001.006"", ""umls_canonical_name"": ""Myocardium"", ""definition"": ""A structural abnormality where a segment of a coronary artery tunnels through the myocardium rather than resting on top of it, potentially causing transient ischemia."", ""id"": ""D001.001.006.002"", ""umls_mapping_json"": ""{\""cui\"": \""C0027061\"", \""canonical_name\"": \""Myocardium\"", \""score\"": 0.9722, \""types\"": [\""T024\""], \""definition\"": \""The muscle tissue of the HEART. It is composed of striated, involuntary muscle cells (MYOCYTES, CARDIAC) connected to form the contractile pump to generate blood flow.\"", \""sources\"": [\""SNOMEDCT_US\""], \""all_sources\"": [\""FMA\"", \""HL7V2.5\"", \""LCH_NW\"", \""LNC\"", \""MSH\"", \""MSHCZE\"", \""MSHDUT\"", \""MTH\"", \""NCI\"", \""PSY\"", \""RCD\"", \""SNM\"", \""SNMI\"", \""SNOMEDCT_US\"", \""UWDA\""]}"", ""name_cn"": ""心肌桥"", ""name_en"": ""Myocardial_Bridging""}"
261,1158,,D001.004,"['Ontology', 'Disease']","{""ontology_id"": ""D001.004"", ""umls_definition"": ""Denoting something that is present at birth."", ""level"": 1, ""umls_cui"": ""C1744681"", ""label"": ""Congenital_Arterial_Anomalies"", ""type"": ""disease"", ""umls_score"": 0.9848, ""umls_types"": ""[\""T080\""]"", ""parent_id"": ""D001"", ""definition"": ""Structural abnormalities of the arteries present at birth"", ""umls_canonical_name"": ""Congenital qualifier"", ""id"": ""D001.004"", ""umls_mapping_json"": ""{\""cui\"": \""C1744681\"", \""canonical_name\"": \""Congenital qualifier\"", \""score\"": 0.9848, \""types\"": [\""T080\""], \""definition\"": \""Denoting something that is present at birth.\""}"", ""name_cn"": ""先天性动脉异常"", ""name_en"": ""Congenital_Arterial_Anomalies""}"
262,1159,,D001.001.004.002,"['Ontology', 'Disease']","{""ontology_id"": ""D001.001.004.002"", ""umls_definition"": """", ""umls_all_sources"": ""[\""CHV\"", \""LNC\"", \""RCD\"", \""SCTSPA\"", \""SNOMEDCT_US\""]"", ""level"": 3, ""umls_cui"": ""C0729333"", ""label"": ""Dynamic Epicardial Vasospasm"", ""type"": ""disease"", ""umls_score"": 0.965, ""umls_sources"": ""[\""SNOMEDCT_US\""]"", ""umls_types"": ""[\""T169\""]"", ""parent_id"": ""D001.001.004"", ""umls_canonical_name"": ""Dynamic"", ""definition"": ""A transient constriction of the epicardial coronary arteries that may lead to myocardial ischemia."", ""id"": ""D001.001.004.002"", ""umls_mapping_json"": ""{\""cui\"": \""C0729333\"", \""canonical_name\"": \""Dynamic\"", \""score\"": 0.965, \""types\"": [\""T169\""], \""definition\"": \""\"", \""sources\"": [\""SNOMEDCT_US\""], \""all_sources\"": [\""CHV\"", \""LNC\"", \""RCD\"", \""SCTSPA\"", \""SNOMEDCT_US\""]}"", ""name_cn"": ""动态心外膜血管痉挛"", ""name_en"": ""Dynamic Epicardial Vasospasm""}"
263,1160,,D001.001.005.002,"['Ontology', 'Disease']","{""ontology_id"": ""D001.001.005.002"", ""level"": 3, ""parent_id"": ""D001.001.005"", ""definition"": ""Functional and structural abnormalities in the microcirculation that may cause angina and ischemia."", ""label"": ""Microcirculatory_Abnormality"", ""id"": ""D001.001.005.002"", ""type"": ""disease"", ""name_cn"": ""微循环异常"", ""name_en"": ""Microcirculatory_Abnormality""}"
264,1161,,D001.005,"['Ontology', 'Disease']","{""ontology_id"": ""D001.005"", ""level"": 1, ""parent_id"": ""D001"", ""definition"": ""A condition characterized by a deficiency of red blood cells or hemoglobin, leading to reduced oxygen transport."", ""label"": ""Anemia"", ""id"": ""D001.005"", ""type"": ""disease"", ""name_cn"": ""贫血"", ""name_en"": ""Anemia""}"
265,1162,,D001.001.011,"['Ontology', 'Disease']","{""ontology_id"": ""D001.001.011"", ""level"": 2, ""parent_id"": ""D001.001"", ""definition"": ""Myocardial ischemia that is not acute, often associated with conditions such as coronary microvascular dysfunction, anemia, tachycardia, or blood pressure changes."", ""label"": ""Non_Acute_Myocardial_Ischemia"", ""id"": ""D001.001.011"", ""type"": ""disease"", ""name_cn"": ""非急性心肌缺血"", ""name_en"": ""Non_Acute_Myocardial_Ischemia""}"
266,1163,,D001.006,"['Ontology', 'Disease']","{""ontology_id"": ""D001.006"", ""level"": 1, ""parent_id"": ""D001"", ""definition"": ""An increase in the size of myocardial cells leading to thickening of the heart muscle."", ""label"": ""Myocardial_Hypertrophy"", ""id"": ""D001.006"", ""type"": ""disease"", ""name_cn"": ""心肌肥厚"", ""name_en"": ""Myocardial_Hypertrophy""}"
267,1164,,D001.001.012,"['Ontology', 'Disease']","{""ontology_id"": ""D001.001.012"", ""umls_definition"": """", ""umls_all_sources"": ""[\""CHV\"", \""HPO\"", \""MDR\"", \""MDRARA\"", \""MDRCZE\"", \""MDRDUT\"", \""MDREST\"", \""MDRFIN\"", \""MDRFRE\"", \""MDRGER\"", \""MDRGRE\"", \""MDRHUN\"", \""SNOMEDCT_US\""]"", ""level"": 2, ""umls_cui"": ""C0856169"", ""label"": ""Endothelial_Dysfunction"", ""type"": ""disease"", ""umls_score"": 0.9565, ""umls_sources"": ""[\""SNOMEDCT_US\""]"", ""umls_types"": ""[\""T047\""]"", ""parent_id"": ""D001.001"", ""umls_canonical_name"": ""Endothelial dysfunction"", ""definition"": ""A condition in which the endothelium (the inner lining of blood vessels) fails to function normally, leading to impaired vasodilation and other vascular abnormalities."", ""id"": ""D001.001.012"", ""umls_mapping_json"": ""{\""cui\"": \""C0856169\"", \""canonical_name\"": \""Endothelial dysfunction\"", \""score\"": 0.9565, \""types\"": [\""T047\""], \""definition\"": \""\"", \""sources\"": [\""SNOMEDCT_US\""], \""all_sources\"": [\""CHV\"", \""HPO\"", \""MDR\"", \""MDRARA\"", \""MDRCZE\"", \""MDRDUT\"", \""MDREST\"", \""MDRFIN\"", \""MDRFRE\"", \""MDRGER\"", \""MDRGRE\"", \""MDRHUN\"", \""SNOMEDCT_US\""]}"", ""name_cn"": ""内皮功能障碍"", ""name_en"": ""Endothelial_Dysfunction""}"
268,1165,,D001.001.005.002.001,"['Ontology', 'Disease']","{""ontology_id"": ""D001.001.005.002.001"", ""umls_definition"": ""A morphologic finding indicating reduced tissue density."", ""umls_all_sources"": ""[\""CHV\"", \""MTH\"", \""NCI\"", \""SCTSPA\"", \""SNM\"", \""SNMI\"", \""SNOMEDCT_US\""]"", ""level"": 4, ""umls_cui"": ""C0332550"", ""label"": ""Rarefaction"", ""type"": ""disease"", ""umls_score"": 0.9431, ""umls_sources"": ""[\""SNOMEDCT_US\""]"", ""umls_types"": ""[\""T033\""]"", ""parent_id"": ""D001.001.005.002"", ""umls_canonical_name"": ""Increased translucency"", ""definition"": ""The reduction in the number of myocardial capillaries, leading to impaired coronary microcirculation."", ""id"": ""D001.001.005.002.001"", ""umls_mapping_json"": ""{\""cui\"": \""C0332550\"", \""canonical_name\"": \""Increased translucency\"", \""score\"": 0.9431, \""types\"": [\""T033\""], \""definition\"": \""A morphologic finding indicating reduced tissue density.\"", \""sources\"": [\""SNOMEDCT_US\""], \""all_sources\"": [\""CHV\"", \""MTH\"", \""NCI\"", \""SCTSPA\"", \""SNM\"", \""SNMI\"", \""SNOMEDCT_US\""]}"", ""name_cn"": ""稀疏化"", ""name_en"": ""Rarefaction""}"
269,1166,,D001.001.013,"['Ontology', 'Disease']","{""ontology_id"": ""D001.001.013"", ""level"": 2, ""parent_id"": ""D001.001"", ""definition"": ""A condition characterized by the narrowing or blockage of the coronary arteries, leading to reduced blood flow to the heart muscle."", ""label"": ""Obstructive Coronary Artery Disease"", ""id"": ""D001.001.013"", ""type"": ""disease"", ""name_cn"": ""阻塞性冠状动脉疾病"", ""name_en"": ""Obstructive Coronary Artery Disease""}"
270,1167,,PC002.002.004.002,"['Ontology', 'Disease']","{""ontology_id"": ""PC002.002.004.002"", ""umls_definition"": ""Intensely bad or unpleasant in degree, quality or extent."", ""umls_all_sources"": ""[\""CCPSS\"", \""CHV\"", \""HPO\"", \""LNC\"", \""MTH\"", \""NCI\"", \""RCD\"", \""SNMI\"", \""SNOMEDCT_US\""]"", ""level"": 3, ""umls_cui"": ""C0205082"", ""label"": ""Severe kidney dysfunction"", ""type"": ""disease"", ""umls_score"": 0.9812, ""umls_sources"": ""[\""SNOMEDCT_US\""]"", ""umls_types"": ""[\""T033\""]"", ""parent_id"": ""PC002.002.004"", ""umls_canonical_name"": ""Severe (severity modifier)"", ""definition"": ""A condition characterized by a significant impairment in kidney function."", ""id"": ""PC002.002.004.002"", ""umls_mapping_json"": ""{\""cui\"": \""C0205082\"", \""canonical_name\"": \""Severe (severity modifier)\"", \""score\"": 0.9812, \""types\"": [\""T033\""], \""definition\"": \""Intensely bad or unpleasant in degree, quality or extent.\"", \""sources\"": [\""SNOMEDCT_US\""], \""all_sources\"": [\""CCPSS\"", \""CHV\"", \""HPO\"", \""LNC\"", \""MTH\"", \""NCI\"", \""RCD\"", \""SNMI\"", \""SNOMEDCT_US\""]}"", ""name_cn"": ""严重肾功能障碍"", ""name_en"": ""Severe kidney dysfunction""}"
271,1168,,D001.001.006.001.006,"['Ontology', 'Disease']","{""ontology_id"": ""D001.001.006.001.006"", ""umls_definition"": ""An accumulation of calcium and phosphate in arteries with mineral deposits in the intimal or medial layer of the vessel wall in a coronary artery. [HPO:probinson]"", ""umls_all_sources"": ""[\""HPO\"", \""MDR\"", \""MDRARA\"", \""MDRCZE\"", \""MDRDUT\"", \""MDREST\"", \""MDRFIN\"", \""MDRFRE\"", \""MDRGER\"", \""MDRGRE\"", \""MDRHUN\"", \""MDRISL\"", \""MDRITA\"", \""MDRJPN\"", \""MDRKOR\"", \""MDRLAV\"", \""MDRLIT\"", \""MDRPOL\"", \""NCI\"", \""OMIM\"", \""SNOMEDCT_US\""]"", ""level"": 4, ""umls_cui"": ""C1611184"", ""label"": ""Coronary artery calcification"", ""type"": ""disease"", ""umls_score"": 0.9805, ""umls_sources"": ""[\""SNOMEDCT_US\""]"", ""umls_types"": ""[\""T046\""]"", ""parent_id"": ""D001.001.006.001"", ""umls_canonical_name"": ""Calcification of coronary artery"", ""definition"": ""A condition characterized by the accumulation of calcium in the coronary arteries, often measured using the coronary artery calcium score (CACS)."", ""id"": ""D001.001.006.001.006"", ""umls_mapping_json"": ""{\""cui\"": \""C1611184\"", \""canonical_name\"": \""Calcification of coronary artery\"", \""score\"": 0.9805, \""types\"": [\""T046\""], \""definition\"": \""An accumulation of calcium and phosphate in arteries with mineral deposits in the intimal or medial layer of the vessel wall in a coronary artery. [HPO:probinson]\"", \""sources\"": [\""SNOMEDCT_US\""], \""all_sources\"": [\""HPO\"", \""MDR\"", \""MDRARA\"", \""MDRCZE\"", \""MDRDUT\"", \""MDREST\"", \""MDRFIN\"", \""MDRFRE\"", \""MDRGER\"", \""MDRGRE\"", \""MDRHUN\"", \""MDRISL\"", \""MDRITA\"", \""MDRJPN\"", \""MDRKOR\"", \""MDRLAV\"", \""MDRLIT\"", \""MDRPOL\"", \""NCI\"", \""OMIM\"", \""SNOMEDCT_US\""]}"", ""name_cn"": ""冠状动脉钙化"", ""name_en"": ""Coronary artery calcification""}"
272,1169,,D001.007,"['Ontology', 'Disease']","{""ontology_id"": ""D001.007"", ""level"": 1, ""parent_id"": ""D001"", ""definition"": ""Atherosclerotic disease affecting non-coronary arteries"", ""label"": ""Non-coronary_Atherosclerotic_Disease"", ""id"": ""D001.007"", ""type"": ""disease"", ""name_cn"": ""非冠状动脉粥样硬化性疾病"", ""name_en"": ""Non-coronary_Atherosclerotic_Disease""}"
273,1170,,D001.001.007.001,"['Ontology', 'Disease']","{""ontology_id"": ""D001.001.007.001"", ""umls_definition"": ""Abnormal function of the left ventricule during left ventricular relaxation and filling. [PMID:12527689, PMID:14594874]"", ""umls_all_sources"": ""[\""HPO\"", \""MDR\"", \""MDRARA\"", \""MDRCZE\"", \""MDRDUT\"", \""MDREST\"", \""MDRFIN\"", \""MDRFRE\"", \""MDRGER\"", \""MDRGRE\"", \""MDRHUN\"", \""MDRISL\"", \""MDRITA\"", \""MDRJPN\"", \""MSH\"", \""MSHCZE\"", \""MTH\"", \""OMIM\"", \""SNOMEDCT_US\""]"", ""level"": 3, ""umls_cui"": ""C1273070"", ""label"": ""Diastolic LV Dysfunction"", ""type"": ""disease"", ""umls_score"": 0.9464, ""umls_sources"": ""[\""SNOMEDCT_US\""]"", ""umls_types"": ""[\""T047\""]"", ""parent_id"": ""D001.001.007"", ""umls_canonical_name"": ""Left ventricular diastolic dysfunction"", ""definition"": ""An early sign of ischaemic myocardial dysfunction and may also be indicative of microvascular dysfunction."", ""id"": ""D001.001.007.001"", ""umls_mapping_json"": ""{\""cui\"": \""C1273070\"", \""canonical_name\"": \""Left ventricular diastolic dysfunction\"", \""score\"": 0.9464, \""types\"": [\""T047\""], \""definition\"": \""Abnormal function of the left ventricule during left ventricular relaxation and filling. [PMID:12527689, PMID:14594874]\"", \""sources\"": [\""SNOMEDCT_US\""], \""all_sources\"": [\""HPO\"", \""MDR\"", \""MDRARA\"", \""MDRCZE\"", \""MDRDUT\"", \""MDREST\"", \""MDRFIN\"", \""MDRFRE\"", \""MDRGER\"", \""MDRGRE\"", \""MDRHUN\"", \""MDRISL\"", \""MDRITA\"", \""MDRJPN\"", \""MSH\"", \""MSHCZE\"", \""MTH\"", \""OMIM\"", \""SNOMEDCT_US\""]}"", ""name_cn"": ""舒张期左心室功能障碍"", ""name_en"": ""Diastolic LV Dysfunction""}"
274,1171,,D001.001.007.002,"['Ontology', 'Disease']","{""ontology_id"": ""D001.001.007.002"", ""umls_definition"": """", ""umls_all_sources"": ""[\""MEDCIN\"", \""RCD\"", \""RCDAE\"", \""SCTSPA\"", \""SNOMEDCT_US\""]"", ""level"": 3, ""umls_cui"": ""C0349780"", ""label"": ""Ischemic_Myocardial_Dysfunction"", ""type"": ""disease"", ""umls_score"": 0.9643, ""umls_sources"": ""[\""SNOMEDCT_US\""]"", ""umls_types"": ""[\""T047\""]"", ""parent_id"": ""D001.001.007"", ""umls_canonical_name"": ""Ischemic myocardial dysfunction"", ""definition"": ""Ischemic Myocardial Dysfunction is a cardiovascular condition characterized by impaired cardiac function resulting from myocardial ischemia, which may manifest as diastolic dysfunction or systolic dysfunction. This dysfunction occurs when there is inadequate blood flow to the heart muscle, leading to a deficiency in oxygen supply and subsequent myocardial cellular injury."", ""id"": ""D001.001.007.002"", ""umls_mapping_json"": ""{\""cui\"": \""C0349780\"", \""canonical_name\"": \""Ischemic myocardial dysfunction\"", \""score\"": 0.9643, \""types\"": [\""T047\""], \""definition\"": \""\"", \""sources\"": [\""SNOMEDCT_US\""], \""all_sources\"": [\""MEDCIN\"", \""RCD\"", \""RCDAE\"", \""SCTSPA\"", \""SNOMEDCT_US\""]}"", ""name_cn"": ""缺血性心肌功能障碍"", ""name_en"": ""Ischemic_Myocardial_Dysfunction""}"
275,1172,,D001.001.007.003,"['Ontology', 'Disease']","{""ontology_id"": ""D001.001.007.003"", ""level"": 3, ""parent_id"": ""D001.001.007"", ""definition"": ""A condition where the myocardium shows scarring, typically due to previous myocardial infarction."", ""label"": ""Scarred_Myocardium"", ""id"": ""D001.001.007.003"", ""type"": ""disease"", ""name_cn"": ""心肌瘢痕"", ""name_en"": ""Scarred_Myocardium""}"
276,1173,,D001.008,"['Ontology', 'Disease']","{""ontology_id"": ""D001.008"", ""umls_definition"": ""Intensely bad or unpleasant in degree, quality or extent."", ""umls_all_sources"": ""[\""CCPSS\"", \""CHV\"", \""HPO\"", \""LNC\"", \""MTH\"", \""NCI\"", \""RCD\"", \""SNMI\"", \""SNOMEDCT_US\""]"", ""level"": 1, ""umls_cui"": ""C0205082"", ""label"": ""Major_Adverse_Cardiovascular_Events"", ""type"": ""disease"", ""umls_score"": 0.9581, ""umls_sources"": ""[\""SNOMEDCT_US\""]"", ""umls_types"": ""[\""T033\""]"", ""parent_id"": ""D001"", ""umls_canonical_name"": ""Severe (severity modifier)"", ""definition"": ""A composite endpoint typically including cardiovascular death, myocardial infarction, and stroke"", ""id"": ""D001.008"", ""umls_mapping_json"": ""{\""cui\"": \""C0205082\"", \""canonical_name\"": \""Severe (severity modifier)\"", \""score\"": 0.9581, \""types\"": [\""T033\""], \""definition\"": \""Intensely bad or unpleasant in degree, quality or extent.\"", \""sources\"": [\""SNOMEDCT_US\""], \""all_sources\"": [\""CCPSS\"", \""CHV\"", \""HPO\"", \""LNC\"", \""MTH\"", \""NCI\"", \""RCD\"", \""SNMI\"", \""SNOMEDCT_US\""]}"", ""name_cn"": ""主要不良心血管事件"", ""name_en"": ""Major_Adverse_Cardiovascular_Events""}"
277,1174,,PC003.005.005.001.001,"['Ontology', 'Disease']","{""ontology_id"": ""PC003.005.005.001.001"", ""level"": 4, ""parent_id"": ""PC003.005.005.001"", ""definition"": ""A condition characterized by the narrowing or blockage of coronary arteries, leading to reduced blood flow to the heart muscle."", ""label"": ""Obstructive Coronary Artery Disease"", ""id"": ""PC003.005.005.001.001"", ""type"": ""disease"", ""name_cn"": ""阻塞性冠状动脉疾病"", ""name_en"": ""Obstructive Coronary Artery Disease""}"
278,1175,,D001.007.001,"['Ontology', 'Disease']","{""ontology_id"": ""D001.007.001"", ""umls_definition"": ""A large (greater than 5-10 mm) raised skin lesion with a wide, flat surface."", ""umls_all_sources"": ""[\""CHV\"", \""DXP\"", \""HPO\"", \""MDR\"", \""MDRARA\"", \""MDRCZE\"", \""MDRDUT\"", \""MEDCIN\"", \""MTH\"", \""NCI\"", \""RCD\"", \""SNOMEDCT_US\"", \""SNOMEDCT_VET\""]"", ""level"": 2, ""umls_cui"": ""C0241148"", ""label"": ""Calcified_Atherosclerotic_Plaque"", ""type"": ""disease"", ""umls_score"": 0.962, ""umls_sources"": ""[\""SNOMEDCT_US\""]"", ""umls_types"": ""[\""T033\""]"", ""parent_id"": ""D001.007"", ""umls_canonical_name"": ""Cutaneous plaque"", ""definition"": ""A hardened deposit formed by the accumulation of calcium in atherosclerotic plaque within the coronary arteries."", ""id"": ""D001.007.001"", ""umls_mapping_json"": ""{\""cui\"": \""C0241148\"", \""canonical_name\"": \""Cutaneous plaque\"", \""score\"": 0.962, \""types\"": [\""T033\""], \""definition\"": \""A large (greater than 5-10 mm) raised skin lesion with a wide, flat surface.\"", \""sources\"": [\""SNOMEDCT_US\""], \""all_sources\"": [\""CHV\"", \""DXP\"", \""HPO\"", \""MDR\"", \""MDRARA\"", \""MDRCZE\"", \""MDRDUT\"", \""MEDCIN\"", \""MTH\"", \""NCI\"", \""RCD\"", \""SNOMEDCT_US\"", \""SNOMEDCT_VET\""]}"", ""name_cn"": ""钙化动脉粥样硬化斑块"", ""name_en"": ""Calcified_Atherosclerotic_Plaque""}"
279,1176,,PC003.005.004.001,"['Ontology', 'Disease']","{""ontology_id"": ""PC003.005.004.001"", ""level"": 3, ""parent_id"": ""PC003.005.004"", ""definition"": ""A clinical assessment indicating a very low (≤5%) probability of having obstructive coronary artery disease."", ""id"": ""PC003.005.004.001"", ""label"": ""Very_Low_Likelihood_Of_Obstructive_CAD"", ""type"": ""disease"", ""name_cn"": ""极低可能性梗阻性冠状动脉疾病"", ""name_en"": ""Very_Low_Likelihood_Of_Obstructive_CAD""}"
280,1177,,PC003.005.005.005.001,"['Ontology', 'Disease']","{""ontology_id"": ""PC003.005.005.005.001"", ""level"": 4, ""parent_id"": ""PC003.005.005.005"", ""definition"": ""Likelihood of obstructive coronary artery disease categorized as moderate (>15%–50%), high (>50%–85%), or very high (>85%)"", ""id"": ""PC003.005.005.005.001"", ""label"": ""Obstructive Coronary Artery Disease Likelihood"", ""type"": ""disease"", ""name_cn"": ""阻塞性冠状动脉疾病可能性"", ""name_en"": ""Obstructive Coronary Artery Disease Likelihood""}"
281,1178,,PC003.005.005.007,"['Ontology', 'Disease']","{""ontology_id"": ""PC003.005.005.007"", ""level"": 3, ""parent_id"": ""PC003.005.005"", ""definition"": ""A condition where there is a very high likelihood (>85%) of obstructive coronary artery disease (CAD)."", ""id"": ""PC003.005.005.007"", ""label"": ""Very_High_Likelihood_Of_Obstructive_CAD"", ""type"": ""disease"", ""name_cn"": ""极高可能性阻塞性冠状动脉疾病"", ""name_en"": ""Very_High_Likelihood_Of_Obstructive_CAD""}"
282,1179,,D001.001.005.003,"['Ontology', 'Disease']","{""ontology_id"": ""D001.001.005.003"", ""umls_definition"": ""A disorder affecting the smallest coronary arteries. Causes include atherosclerosis and arterial spasm. Chest pain is a frequently observed symptom."", ""umls_all_sources"": ""[\""CHV\"", \""MDR\"", \""MDRARA\"", \""MDRCZE\"", \""MDRDUT\"", \""MSH\"", \""MSHCZE\"", \""MSHDUT\"", \""MTH\"", \""NCI\"", \""SNOMEDCT_US\""]"", ""level"": 3, ""umls_cui"": ""C0206064"", ""label"": ""Microvascular Angina with Reduced CFR or Increased IMR"", ""type"": ""disease"", ""umls_score"": 0.9854, ""umls_sources"": ""[\""SNOMEDCT_US\""]"", ""umls_types"": ""[\""T047\""]"", ""parent_id"": ""D001.001.005"", ""umls_canonical_name"": ""Microvascular Angina"", ""definition"": ""A condition characterized by microvascular angina accompanied by reduced coronary flow reserve (CFR) and/or increased index of microcirculatory resistance (IMR), which may reflect arteriolar remodelling."", ""id"": ""D001.001.005.003"", ""umls_mapping_json"": ""{\""cui\"": \""C0206064\"", \""canonical_name\"": \""Microvascular Angina\"", \""score\"": 0.9854, \""types\"": [\""T047\""], \""definition\"": \""A disorder affecting the smallest coronary arteries. Causes include atherosclerosis and arterial spasm. Chest pain is a frequently observed symptom.\"", \""sources\"": [\""SNOMEDCT_US\""], \""all_sources\"": [\""CHV\"", \""MDR\"", \""MDRARA\"", \""MDRCZE\"", \""MDRDUT\"", \""MSH\"", \""MSHCZE\"", \""MSHDUT\"", \""MTH\"", \""NCI\"", \""SNOMEDCT_US\""]}"", ""name_cn"": ""伴有CFR降低或IMR升高的微血管性心绞痛"", ""name_en"": ""Microvascular Angina with Reduced CFR or Increased IMR""}"
283,1180,,D001.001.005.004,"['Ontology', 'Disease']","{""ontology_id"": ""D001.001.005.004"", ""umls_definition"": """", ""umls_all_sources"": ""[\""CHV\"", \""RCD\"", \""SCTSPA\"", \""SNOMEDCT_US\""]"", ""level"": 3, ""umls_cui"": ""C0443258"", ""label"": ""Microvascular_Spasm"", ""type"": ""disease"", ""umls_score"": 0.988, ""umls_sources"": ""[\""SNOMEDCT_US\""]"", ""umls_types"": ""[\""T169\""]"", ""parent_id"": ""D001.001.005"", ""umls_canonical_name"": ""Microvascular"", ""definition"": ""A condition characterized by spasms in the microvascular system, often associated with angina symptoms."", ""id"": ""D001.001.005.004"", ""umls_mapping_json"": ""{\""cui\"": \""C0443258\"", \""canonical_name\"": \""Microvascular\"", \""score\"": 0.988, \""types\"": [\""T169\""], \""definition\"": \""\"", \""sources\"": [\""SNOMEDCT_US\""], \""all_sources\"": [\""CHV\"", \""RCD\"", \""SCTSPA\"", \""SNOMEDCT_US\""]}"", ""name_cn"": ""微血管痉挛"", ""name_en"": ""Microvascular_Spasm""}"
284,1181,,D001.001.004.003,"['Ontology', 'Disease']","{""ontology_id"": ""D001.001.004.003"", ""umls_definition"": ""Intensely bad or unpleasant in degree, quality or extent."", ""umls_all_sources"": ""[\""CCPSS\"", \""CHV\"", \""HPO\"", \""LNC\"", \""MTH\"", \""NCI\"", \""RCD\"", \""SNMI\"", \""SNOMEDCT_US\""]"", ""level"": 3, ""umls_cui"": ""C0205082"", ""label"": ""Severe Vasospastic Angina"", ""type"": ""disease"", ""umls_score"": 0.9812, ""umls_sources"": ""[\""SNOMEDCT_US\""]"", ""umls_types"": ""[\""T033\""]"", ""parent_id"": ""D001.001.004"", ""umls_canonical_name"": ""Severe (severity modifier)"", ""definition"": ""A severe form of vasospastic angina requiring high dosages of calcium antagonists or combination therapy."", ""id"": ""D001.001.004.003"", ""umls_mapping_json"": ""{\""cui\"": \""C0205082\"", \""canonical_name\"": \""Severe (severity modifier)\"", \""score\"": 0.9812, \""types\"": [\""T033\""], \""definition\"": \""Intensely bad or unpleasant in degree, quality or extent.\"", \""sources\"": [\""SNOMEDCT_US\""], \""all_sources\"": [\""CCPSS\"", \""CHV\"", \""HPO\"", \""LNC\"", \""MTH\"", \""NCI\"", \""RCD\"", \""SNMI\"", \""SNOMEDCT_US\""]}"", ""name_cn"": ""严重血管痉挛性心绞痛"", ""name_en"": ""Severe Vasospastic Angina""}"
285,1182,,D001.001.005.005,"['Ontology', 'Disease']","{""ontology_id"": ""D001.001.005.005"", ""level"": 3, ""parent_id"": ""D001.001.005"", ""definition"": ""The constriction of coronary microvessels in response to certain stimuli, such as endothelin."", ""id"": ""D001.001.005.005"", ""label"": ""Vasoconstrictor_Response_of_Coronary_Microvessels"", ""type"": ""disease"", ""name_cn"": ""冠状动脉微血管收缩反应"", ""name_en"": ""Vasoconstrictor_Response_of_Coronary_Microvessels""}"
286,1183,,D001.009,"['Ontology', 'Disease']","{""ontology_id"": ""D001.009"", ""umls_definition"": ""An infectious or non infectious disorder characterized by signs and symptoms derived from focal or extensive tissue infiltration by acute (e.g., polymorphonuclear) or chronic (e.g., lymphocytic-plasmacytic) inflammatory cells. Representative examples of infectious disorders include viral infections, bacterial infections, and parasitic infections. Representative examples of non-infectious inflammatory disorders include inflammatory bowel disease and inflammatory polyps."", ""umls_all_sources"": ""[\""CHV\"", \""LNC\"", \""MEDCIN\"", \""NCI\"", \""SCTSPA\"", \""SNOMEDCT_US\""]"", ""level"": 1, ""umls_cui"": ""C1290884"", ""label"": ""Inflammatory_Rheumatic_Disease"", ""type"": ""disease"", ""umls_score"": 0.8223, ""umls_sources"": ""[\""SNOMEDCT_US\""]"", ""umls_types"": ""[\""T047\""]"", ""parent_id"": ""D001"", ""umls_canonical_name"": ""Inflammatory disorder"", ""definition"": ""A group of diseases characterized by inflammation and dysfunction of the joints, muscles, and connective tissues."", ""id"": ""D001.009"", ""umls_mapping_json"": ""{\""cui\"": \""C1290884\"", \""canonical_name\"": \""Inflammatory disorder\"", \""score\"": 0.8223, \""types\"": [\""T047\""], \""definition\"": \""An infectious or non infectious disorder characterized by signs and symptoms derived from focal or extensive tissue infiltration by acute (e.g., polymorphonuclear) or chronic (e.g., lymphocytic-plasmacytic) inflammatory cells. Representative examples of infectious disorders include viral infections, bacterial infections, and parasitic infections. Representative examples of non-infectious inflammatory disorders include inflammatory bowel disease and inflammatory polyps.\"", \""sources\"": [\""SNOMEDCT_US\""], \""all_sources\"": [\""CHV\"", \""LNC\"", \""MEDCIN\"", \""NCI\"", \""SCTSPA\"", \""SNOMEDCT_US\""]}"", ""name_cn"": ""炎症性风湿病"", ""name_en"": ""Inflammatory_Rheumatic_Disease""}"
287,1184,,D001.007.003,"['Ontology', 'Disease']","{""ontology_id"": ""D001.007.003"", ""umls_definition"": ""Without clinical signs or indications that raise the possibility of a particular disorder or dysfunction."", ""umls_all_sources"": ""[\""CCPSS\"", \""CHV\"", \""LNC\"", \""MEDCIN\"", \""MTH\"", \""NCI\"", \""OMIM\"", \""RCD\"", \""SCTSPA\"", \""SNMI\"", \""SNOMEDCT_US\""]"", ""level"": 2, ""umls_cui"": ""C0231221"", ""label"": ""Asymptomatic_ASCVD"", ""type"": ""disease"", ""umls_score"": 0.9688, ""umls_sources"": ""[\""SNOMEDCT_US\""]"", ""umls_types"": ""[\""T033\""]"", ""parent_id"": ""D001.007"", ""umls_canonical_name"": ""Asymptomatic (finding)"", ""definition"": ""Atherosclerotic cardiovascular disease without any noticeable symptoms"", ""id"": ""D001.007.003"", ""umls_mapping_json"": ""{\""cui\"": \""C0231221\"", \""canonical_name\"": \""Asymptomatic (finding)\"", \""score\"": 0.9688, \""types\"": [\""T033\""], \""definition\"": \""Without clinical signs or indications that raise the possibility of a particular disorder or dysfunction.\"", \""sources\"": [\""SNOMEDCT_US\""], \""all_sources\"": [\""CCPSS\"", \""CHV\"", \""LNC\"", \""MEDCIN\"", \""MTH\"", \""NCI\"", \""OMIM\"", \""RCD\"", \""SCTSPA\"", \""SNMI\"", \""SNOMEDCT_US\""]}"", ""name_cn"": ""无症状性动脉粥样硬化性心血管疾病"", ""name_en"": ""Asymptomatic_ASCVD""}"
288,1185,,D001.010,"['Ontology', 'Disease']","{""ontology_id"": ""D001.010"", ""umls_definition"": ""Discomfort stemming from muscles, LIGAMENTS, tendons, and bones."", ""umls_all_sources"": ""[\""BI\"", \""CCPSS\"", \""CHV\"", \""COSTAR\"", \""ICPC2P\"", \""MDR\"", \""MDRARA\"", \""MDRCZE\"", \""MDRDUT\"", \""MSH\"", \""MSHCZE\"", \""NCI\"", \""NOC\"", \""OMIM\"", \""RCD\"", \""SNOMEDCT_US\""]"", ""level"": 1, ""umls_cui"": ""C0026858"", ""label"": ""Rheumatic_and_Musculoskeletal_Diseases"", ""type"": ""disease"", ""umls_score"": 0.8419, ""umls_sources"": ""[\""SNOMEDCT_US\""]"", ""umls_types"": ""[\""T033\""]"", ""parent_id"": ""D001"", ""umls_canonical_name"": ""Musculoskeletal Pain"", ""definition"": ""A group of diseases affecting the joints, bones, muscles, and connective tissues"", ""id"": ""D001.010"", ""umls_mapping_json"": ""{\""cui\"": \""C0026858\"", \""canonical_name\"": \""Musculoskeletal Pain\"", \""score\"": 0.8419, \""types\"": [\""T033\""], \""definition\"": \""Discomfort stemming from muscles, LIGAMENTS, tendons, and bones.\"", \""sources\"": [\""SNOMEDCT_US\""], \""all_sources\"": [\""BI\"", \""CCPSS\"", \""CHV\"", \""COSTAR\"", \""ICPC2P\"", \""MDR\"", \""MDRARA\"", \""MDRCZE\"", \""MDRDUT\"", \""MSH\"", \""MSHCZE\"", \""NCI\"", \""NOC\"", \""OMIM\"", \""RCD\"", \""SNOMEDCT_US\""]}"", ""name_cn"": ""风湿性和肌肉骨骼疾病"", ""name_en"": ""Rheumatic_and_Musculoskeletal_Diseases""}"
289,1186,,D001.011,"['Ontology', 'Disease']","{""ontology_id"": ""D001.011"", ""umls_definition"": ""Build-up of fatty material and calcium deposition in the arterial wall resulting in partial or complete occlusion of the arterial lumen."", ""umls_all_sources"": ""[\""ICD10\"", \""ICD10AM\"", \""ICD10CM\"", \""ICD10DUT\"", \""ICPC2P\"", \""LCH\"", \""MDRARA\"", \""MDRCZE\"", \""MDRDUT\"", \""MEDLINEPLUS\"", \""MSHCZE\"", \""MSHDUT\"", \""OMIM\"", \""RCD\"", \""SNM\"", \""SNOMEDCT_VET\""]"", ""level"": 1, ""umls_cui"": ""C0004153"", ""label"": ""Atherosclerotic Cardiovascular Disease"", ""type"": ""disease"", ""umls_score"": 0.986, ""umls_sources"": ""[\""ICD10CM\""]"", ""umls_types"": ""[\""T047\""]"", ""parent_id"": ""D001"", ""umls_canonical_name"": ""Atherosclerosis"", ""definition"": ""A group of diseases caused by atherosclerosis affecting the cardiovascular system, including coronary artery disease, cerebrovascular disease, and peripheral artery disease."", ""id"": ""D001.011"", ""umls_mapping_json"": ""{\""cui\"": \""C0004153\"", \""canonical_name\"": \""Atherosclerosis\"", \""score\"": 0.986, \""types\"": [\""T047\""], \""definition\"": \""Build-up of fatty material and calcium deposition in the arterial wall resulting in partial or complete occlusion of the arterial lumen.\"", \""sources\"": [\""ICD10CM\""], \""all_sources\"": [\""ICD10\"", \""ICD10AM\"", \""ICD10CM\"", \""ICD10DUT\"", \""ICPC2P\"", \""LCH\"", \""MDRARA\"", \""MDRCZE\"", \""MDRDUT\"", \""MEDLINEPLUS\"", \""MSHCZE\"", \""MSHDUT\"", \""OMIM\"", \""RCD\"", \""SNM\"", \""SNOMEDCT_VET\""]}"", ""name_cn"": ""动脉粥样硬化性心血管疾病"", ""name_en"": ""Atherosclerotic Cardiovascular Disease""}"
290,1187,,D001.012,"['Ontology', 'Disease']","{""ontology_id"": ""D001.012"", ""umls_definition"": ""The HEART and the BLOOD VESSELS by which BLOOD is pumped and circulated through the body."", ""umls_all_sources"": ""[\""CST\"", \""FMA\"", \""LCH\"", \""LCH_NW\"", \""LNC\"", \""MSH\"", \""MSHCZE\"", \""MSHDUT\"", \""MTH\"", \""NCI\"", \""PSY\"", \""RCD\"", \""SNM\"", \""SNMI\"", \""SNOMEDCT_US\"", \""UWDA\""]"", ""level"": 1, ""umls_cui"": ""C0007226"", ""label"": ""Cardiovascular_Outcomes"", ""type"": ""disease"", ""umls_score"": 0.9832, ""umls_sources"": ""[\""SNOMEDCT_US\""]"", ""umls_types"": ""[\""T022\""]"", ""parent_id"": ""D001"", ""umls_canonical_name"": ""Cardiovascular system"", ""definition"": ""The results or consequences related to cardiovascular health, including both positive and negative outcomes."", ""id"": ""D001.012"", ""umls_mapping_json"": ""{\""cui\"": \""C0007226\"", \""canonical_name\"": \""Cardiovascular system\"", \""score\"": 0.9832, \""types\"": [\""T022\""], \""definition\"": \""The HEART and the BLOOD VESSELS by which BLOOD is pumped and circulated through the body.\"", \""sources\"": [\""SNOMEDCT_US\""], \""all_sources\"": [\""CST\"", \""FMA\"", \""LCH\"", \""LCH_NW\"", \""LNC\"", \""MSH\"", \""MSHCZE\"", \""MSHDUT\"", \""MTH\"", \""NCI\"", \""PSY\"", \""RCD\"", \""SNM\"", \""SNMI\"", \""SNOMEDCT_US\"", \""UWDA\""]}"", ""name_cn"": ""心血管结局"", ""name_en"": ""Cardiovascular_Outcomes""}"
291,1188,,D001.001.006.001.001.005,"['Ontology', 'Disease']","{""ontology_id"": ""D001.001.006.001.001.005"", ""umls_definition"": ""One of two arteries that arise from the aortic sinuses of the ascending aorta and supply blood to the myocardium"", ""umls_all_sources"": ""[\""CSP\"", \""FMA\"", \""LCH\"", \""LNC\"", \""MSH\"", \""MSHCZE\"", \""MSHDUT\"", \""MTH\"", \""NCI\"", \""RCD\"", \""SNM\"", \""SNMI\"", \""SNOMEDCT_US\"", \""UWDA\""]"", ""level"": 5, ""umls_cui"": ""C0205042"", ""label"": ""Coronary Artery Diameter Stenosis"", ""type"": ""disease"", ""umls_score"": 0.811, ""umls_sources"": ""[\""SNOMEDCT_US\""]"", ""umls_types"": ""[\""T023\""]"", ""parent_id"": ""D001.001.006.001.001"", ""umls_canonical_name"": ""Coronary artery"", ""definition"": ""A narrowing of the coronary artery diameter by more than a specified percentage, typically indicating significant obstruction."", ""id"": ""D001.001.006.001.001.005"", ""umls_mapping_json"": ""{\""cui\"": \""C0205042\"", \""canonical_name\"": \""Coronary artery\"", \""score\"": 0.811, \""types\"": [\""T023\""], \""definition\"": \""One of two arteries that arise from the aortic sinuses of the ascending aorta and supply blood to the myocardium\"", \""sources\"": [\""SNOMEDCT_US\""], \""all_sources\"": [\""CSP\"", \""FMA\"", \""LCH\"", \""LNC\"", \""MSH\"", \""MSHCZE\"", \""MSHDUT\"", \""MTH\"", \""NCI\"", \""RCD\"", \""SNM\"", \""SNMI\"", \""SNOMEDCT_US\"", \""UWDA\""]}"", ""name_cn"": ""冠状动脉直径狭窄"", ""name_en"": ""Coronary Artery Diameter Stenosis""}"
292,1189,,D001.001.013.001,"['Ontology', 'Disease']","{""ontology_id"": ""D001.001.013.001"", ""umls_definition"": ""An imbalance between myocardial functional requirements and the capacity of the CORONARY VESSELS to supply sufficient blood flow. It is a form of MYOCARDIAL ISCHEMIA (insufficient blood supply to the heart muscle) caused by a decreased capacity of the coronary vessels."", ""umls_all_sources"": ""[\""ICPC2ICD10DUT\"", \""ICPC2P\"", \""LCH\"", \""LCH_NW\"", \""MDR\"", \""MDRARA\"", \""MDRCZE\"", \""MDRDUT\"", \""MEDLINEPLUS\"", \""MSH\"", \""MSHCZE\"", \""MSHDUT\"", \""MTH\"", \""PSY\"", \""RCD\"", \""SNOMEDCT_US\""]"", ""level"": 3, ""umls_cui"": ""C0010068"", ""label"": ""CAD_Progression"", ""type"": ""disease"", ""umls_score"": 0.9699, ""umls_sources"": ""[\""SNOMEDCT_US\""]"", ""umls_types"": ""[\""T047\""]"", ""parent_id"": ""D001.001.013"", ""umls_canonical_name"": ""Coronary heart disease"", ""definition"": ""The advancement or worsening of coronary artery disease, often characterized by increased atherosclerosis and plaque features."", ""id"": ""D001.001.013.001"", ""umls_mapping_json"": ""{\""cui\"": \""C0010068\"", \""canonical_name\"": \""Coronary heart disease\"", \""score\"": 0.9699, \""types\"": [\""T047\""], \""definition\"": \""An imbalance between myocardial functional requirements and the capacity of the CORONARY VESSELS to supply sufficient blood flow. It is a form of MYOCARDIAL ISCHEMIA (insufficient blood supply to the heart muscle) caused by a decreased capacity of the coronary vessels.\"", \""sources\"": [\""SNOMEDCT_US\""], \""all_sources\"": [\""ICPC2ICD10DUT\"", \""ICPC2P\"", \""LCH\"", \""LCH_NW\"", \""MDR\"", \""MDRARA\"", \""MDRCZE\"", \""MDRDUT\"", \""MEDLINEPLUS\"", \""MSH\"", \""MSHCZE\"", \""MSHDUT\"", \""MTH\"", \""PSY\"", \""RCD\"", \""SNOMEDCT_US\""]}"", ""name_cn"": ""冠状动脉疾病进展"", ""name_en"": ""CAD_Progression""}"
293,1190,,D001.013,"['Ontology', 'Disease']","{""ontology_id"": ""D001.013"", ""umls_definition"": """", ""umls_all_sources"": ""[\""CHV\"", \""LNC\"", \""MTH\"", \""RCD\"", \""SCTSPA\"", \""SNMI\"", \""SNOMEDCT_US\""]"", ""level"": 1, ""umls_cui"": ""C0205217"", ""label"": ""Increased_CVD_Mortality"", ""type"": ""disease"", ""umls_score"": 0.9793, ""umls_sources"": ""[\""SNOMEDCT_US\""]"", ""umls_types"": ""[\""T081\""]"", ""parent_id"": ""D001"", ""umls_canonical_name"": ""Increased"", ""definition"": ""An elevated rate of death due to cardiovascular diseases."", ""id"": ""D001.013"", ""umls_mapping_json"": ""{\""cui\"": \""C0205217\"", \""canonical_name\"": \""Increased\"", \""score\"": 0.9793, \""types\"": [\""T081\""], \""definition\"": \""\"", \""sources\"": [\""SNOMEDCT_US\""], \""all_sources\"": [\""CHV\"", \""LNC\"", \""MTH\"", \""RCD\"", \""SCTSPA\"", \""SNMI\"", \""SNOMEDCT_US\""]}"", ""name_cn"": ""心血管疾病死亡率增加"", ""name_en"": ""Increased_CVD_Mortality""}"
294,1191,,D001.001.013.002,"['Ontology', 'Disease']","{""ontology_id"": ""D001.001.013.002"", ""umls_definition"": """", ""umls_all_sources"": ""[\""CHV\"", \""SCTSPA\"", \""SNMI\"", \""SNOMEDCT_US\""]"", ""level"": 3, ""umls_cui"": ""C0332209"", ""label"": ""Non-calcified_plaque"", ""type"": ""disease"", ""umls_score"": 0.9803, ""umls_sources"": ""[\""SNOMEDCT_US\""]"", ""umls_types"": ""[\""T169\""]"", ""parent_id"": ""D001.001.013"", ""umls_canonical_name"": ""Non-calcified"", ""definition"": ""A type of plaque in the coronary arteries that does not contain calcium deposits, often associated with higher risk of thrombosis and inflammation."", ""id"": ""D001.001.013.002"", ""umls_mapping_json"": ""{\""cui\"": \""C0332209\"", \""canonical_name\"": \""Non-calcified\"", \""score\"": 0.9803, \""types\"": [\""T169\""], \""definition\"": \""\"", \""sources\"": [\""SNOMEDCT_US\""], \""all_sources\"": [\""CHV\"", \""SCTSPA\"", \""SNMI\"", \""SNOMEDCT_US\""]}"", ""name_cn"": ""非钙化斑块"", ""name_en"": ""Non-calcified_plaque""}"
295,1192,,D001.001.006.001.007,"['Ontology', 'Disease']","{""ontology_id"": ""D001.001.006.001.007"", ""level"": 4, ""parent_id"": ""D001.001.006.001"", ""definition"": ""A condition where the lumen of a blood vessel is blocked, often due to atherosclerosis or other pathological changes."", ""label"": ""Luminal_Obstruction"", ""id"": ""D001.001.006.001.007"", ""type"": ""disease"", ""name_cn"": ""管腔阻塞"", ""name_en"": ""Luminal_Obstruction""}"
296,1193,,D001.001.006.001.001.006,"['Ontology', 'Disease']","{""ontology_id"": ""D001.001.006.001.001.006"", ""level"": 5, ""parent_id"": ""D001.001.006.001.001"", ""definition"": ""Anatomical narrowing of blood vessels that is significant enough to potentially impair blood flow."", ""label"": ""Anatomically_Significant_Stenoses"", ""id"": ""D001.001.006.001.001.006"", ""type"": ""disease"", ""name_cn"": ""解剖学显著狭窄"", ""name_en"": ""Anatomically_Significant_Stenoses""}"
297,1194,,D001.001.014,"['Ontology', 'Disease']","{""ontology_id"": ""D001.001.014"", ""umls_definition"": ""Thickening and loss of elasticity of the walls of ARTERIES of all sizes. There are many forms classified by the types of lesions and arteries involved, such as ATHEROSCLEROSIS with fatty lesions in the ARTERIAL INTIMA of medium and large muscular arteries."", ""umls_all_sources"": ""[\""HPO\"", \""ICPC2P\"", \""LCH\"", \""LCH_NW\"", \""MDR\"", \""MDRARA\"", \""MDRCZE\"", \""MDRDUT\"", \""MEDLINEPLUS\"", \""MSH\"", \""MSHCZE\"", \""MSHDUT\"", \""NCI\"", \""OMIM\"", \""PSY\"", \""RCD\"", \""SNM\"", \""SNOMEDCT_US\""]"", ""level"": 2, ""umls_cui"": ""C0003850"", ""label"": ""Obstructive_Epicardial_Coronary_Atherosclerosis"", ""type"": ""disease"", ""umls_score"": 0.9951, ""umls_sources"": ""[\""SNOMEDCT_US\""]"", ""umls_types"": ""[\""T047\""]"", ""parent_id"": ""D001.001"", ""umls_canonical_name"": ""Arteriosclerosis"", ""definition"": ""A condition characterized by the narrowing or blockage of the epicardial coronary arteries due to atherosclerosis, leading to reduced blood flow."", ""id"": ""D001.001.014"", ""umls_mapping_json"": ""{\""cui\"": \""C0003850\"", \""canonical_name\"": \""Arteriosclerosis\"", \""score\"": 0.9951, \""types\"": [\""T047\""], \""definition\"": \""Thickening and loss of elasticity of the walls of ARTERIES of all sizes. There are many forms classified by the types of lesions and arteries involved, such as ATHEROSCLEROSIS with fatty lesions in the ARTERIAL INTIMA of medium and large muscular arteries.\"", \""sources\"": [\""SNOMEDCT_US\""], \""all_sources\"": [\""HPO\"", \""ICPC2P\"", \""LCH\"", \""LCH_NW\"", \""MDR\"", \""MDRARA\"", \""MDRCZE\"", \""MDRDUT\"", \""MEDLINEPLUS\"", \""MSH\"", \""MSHCZE\"", \""MSHDUT\"", \""NCI\"", \""OMIM\"", \""PSY\"", \""RCD\"", \""SNM\"", \""SNOMEDCT_US\""]}"", ""name_cn"": ""阻塞性心外膜冠状动脉粥样硬化"", ""name_en"": ""Obstructive_Epicardial_Coronary_Atherosclerosis""}"
298,1195,,D001.014,"['Ontology', 'Disease']","{""ontology_id"": ""D001.014"", ""umls_definition"": ""An electrocardiographic finding of a wide QRS complex with evidence of delayed conduction to the left ventricle, manifested as a widened initial portion of the QRS complex in leads V5, V6, I and aVL and with QRS duration greater than or equal to 120 ms. (CDISC)"", ""umls_all_sources"": ""[\""MEDCIN\"", \""MTH\"", \""NCI\"", \""SCTSPA\"", \""SNOMEDCT_US\""]"", ""level"": 1, ""umls_cui"": ""C0344420"", ""label"": ""Left Bundle Branch Block"", ""type"": ""disease"", ""umls_score"": 0.9822, ""umls_sources"": ""[\""SNOMEDCT_US\""]"", ""umls_types"": ""[\""T034\""]"", ""parent_id"": ""D001"", ""umls_canonical_name"": ""Electrocardiogram: left bundle branch block (finding)"", ""definition"": ""A conduction abnormality in the heart where the activation of the left ventricle is delayed, causing the left ventricle to contract later than the right ventricle."", ""id"": ""D001.014"", ""umls_mapping_json"": ""{\""cui\"": \""C0344420\"", \""canonical_name\"": \""Electrocardiogram: left bundle branch block (finding)\"", \""score\"": 0.9822, \""types\"": [\""T034\""], \""definition\"": \""An electrocardiographic finding of a wide QRS complex with evidence of delayed conduction to the left ventricle, manifested as a widened initial portion of the QRS complex in leads V5, V6, I and aVL and with QRS duration greater than or equal to 120 ms. (CDISC)\"", \""sources\"": [\""SNOMEDCT_US\""], \""all_sources\"": [\""MEDCIN\"", \""MTH\"", \""NCI\"", \""SCTSPA\"", \""SNOMEDCT_US\""]}"", ""name_cn"": ""左束支传导阻滞"", ""name_en"": ""Left Bundle Branch Block""}"
299,1196,,D001.001.013.003,"['Ontology', 'Disease']","{""ontology_id"": ""D001.001.013.003"", ""umls_definition"": ""An imbalance between myocardial functional requirements and the capacity of the CORONARY VESSELS to supply sufficient blood flow. It is a form of MYOCARDIAL ISCHEMIA (insufficient blood supply to the heart muscle) caused by a decreased capacity of the coronary vessels."", ""umls_all_sources"": ""[\""ICPC2ICD10DUT\"", \""ICPC2P\"", \""LCH\"", \""LCH_NW\"", \""MDR\"", \""MDRARA\"", \""MDRCZE\"", \""MDRDUT\"", \""MEDLINEPLUS\"", \""MSH\"", \""MSHCZE\"", \""MSHDUT\"", \""MTH\"", \""PSY\"", \""RCD\"", \""SNOMEDCT_US\""]"", ""level"": 3, ""umls_cui"": ""C0010068"", ""label"": ""Epicardial Obstructive CAD"", ""type"": ""disease"", ""umls_score"": 0.9699, ""umls_sources"": ""[\""SNOMEDCT_US\""]"", ""umls_types"": ""[\""T047\""]"", ""parent_id"": ""D001.001.013"", ""umls_canonical_name"": ""Coronary heart disease"", ""definition"": ""A condition characterized by obstructive coronary artery disease affecting the epicardial vessels."", ""id"": ""D001.001.013.003"", ""umls_mapping_json"": ""{\""cui\"": \""C0010068\"", \""canonical_name\"": \""Coronary heart disease\"", \""score\"": 0.9699, \""types\"": [\""T047\""], \""definition\"": \""An imbalance between myocardial functional requirements and the capacity of the CORONARY VESSELS to supply sufficient blood flow. It is a form of MYOCARDIAL ISCHEMIA (insufficient blood supply to the heart muscle) caused by a decreased capacity of the coronary vessels.\"", \""sources\"": [\""SNOMEDCT_US\""], \""all_sources\"": [\""ICPC2ICD10DUT\"", \""ICPC2P\"", \""LCH\"", \""LCH_NW\"", \""MDR\"", \""MDRARA\"", \""MDRCZE\"", \""MDRDUT\"", \""MEDLINEPLUS\"", \""MSH\"", \""MSHCZE\"", \""MSHDUT\"", \""MTH\"", \""PSY\"", \""RCD\"", \""SNOMEDCT_US\""]}"", ""name_cn"": ""心外膜阻塞性冠状动脉疾病"", ""name_en"": ""Epicardial Obstructive CAD""}"
300,1197,,D001.001.005.006,"['Ontology', 'Disease']","{""ontology_id"": ""D001.001.005.006"", ""level"": 3, ""parent_id"": ""D001.001.005"", ""definition"": ""Angina or ischemia caused by epicardial vasomotor abnormalities or functional/structural microvascular alterations in the absence of epicardial obstructive CAD"", ""label"": ""ANOCA/INOCA"", ""id"": ""D001.001.005.006"", ""type"": ""disease"", ""name_cn"": ""非阻塞性冠状动脉缺血/非阻塞性冠状动脉心绞痛"", ""name_en"": ""ANOCA/INOCA""}"
301,1198,,D001.001.013.004,"['Ontology', 'Disease']","{""ontology_id"": ""D001.001.013.004"", ""level"": 3, ""parent_id"": ""D001.001.013"", ""definition"": ""A condition where the epicardial coronary arteries are affected by atherosclerosis or other pathological changes."", ""label"": ""Epicardial Coronary Artery Disease"", ""id"": ""D001.001.013.004"", ""type"": ""disease"", ""name_cn"": ""心外膜冠状动脉疾病"", ""name_en"": ""Epicardial Coronary Artery Disease""}"
302,1199,,D001.001.015,"['Ontology', 'Disease']","{""ontology_id"": ""D001.001.015"", ""umls_definition"": ""Autosomal recessive syndrome characterized by hypogenesis or agenesis of CORPUS CALLOSUM. Clinical features include MENTAL RETARDATION; CRANIOFACIAL ABNORMALITIES; digital malformations, and growth retardation."", ""umls_all_sources"": ""[\""CHV\"", \""JABL\"", \""MDR\"", \""MDRARA\"", \""MDRCZE\"", \""MDRDUT\"", \""MEDCIN\"", \""MEDLINEPLUS\"", \""MSH\"", \""MSHCZE\"", \""MTH\"", \""NCI\"", \""OMIM\"", \""ORPHANET\"", \""SNOMEDCT_US\""]"", ""level"": 2, ""umls_cui"": ""C0796147"", ""label"": ""Transition_between_CCS_and_ACS"", ""type"": ""disease"", ""umls_score"": 0.9558, ""umls_sources"": ""[\""SNOMEDCT_US\""]"", ""umls_types"": ""[\""T047\""]"", ""parent_id"": ""D001.001"", ""umls_canonical_name"": ""Acrocallosal Syndrome"", ""definition"": ""The variable and unpredictable course of patients transitioning between different types of CCS and ACS presentations throughout their lifetime."", ""id"": ""D001.001.015"", ""umls_mapping_json"": ""{\""cui\"": \""C0796147\"", \""canonical_name\"": \""Acrocallosal Syndrome\"", \""score\"": 0.9558, \""types\"": [\""T047\""], \""definition\"": \""Autosomal recessive syndrome characterized by hypogenesis or agenesis of CORPUS CALLOSUM. Clinical features include MENTAL RETARDATION; CRANIOFACIAL ABNORMALITIES; digital malformations, and growth retardation.\"", \""sources\"": [\""SNOMEDCT_US\""], \""all_sources\"": [\""CHV\"", \""JABL\"", \""MDR\"", \""MDRARA\"", \""MDRCZE\"", \""MDRDUT\"", \""MEDCIN\"", \""MEDLINEPLUS\"", \""MSH\"", \""MSHCZE\"", \""MTH\"", \""NCI\"", \""OMIM\"", \""ORPHANET\"", \""SNOMEDCT_US\""]}"", ""name_cn"": ""CCS与ACS之间的过渡"", ""name_en"": ""Transition_between_CCS_and_ACS""}"
303,1200,,D001.015,"['Ontology', 'Disease']","{""ontology_id"": ""D001.015"", ""level"": 1, ""parent_id"": ""D001"", ""definition"": ""Conditions affecting the pulmonary system, often co-existing with cardiovascular diseases."", ""label"": ""Pulmonary_Conditions"", ""id"": ""D001.015"", ""type"": ""disease"", ""name_cn"": ""肺部疾病"", ""name_en"": ""Pulmonary_Conditions""}"
304,1201,,D001.001.004.004,"['Ontology', 'Disease']","{""ontology_id"": ""D001.001.004.004"", ""level"": 3, ""parent_id"": ""D001.001.004"", ""definition"": ""A condition characterized by spasms in the large blood vessels, often leading to reduced blood flow and ischemic symptoms."", ""label"": ""Macrovascular_Spasm"", ""id"": ""D001.001.004.004"", ""type"": ""disease"", ""name_cn"": ""大血管痉挛"", ""name_en"": ""Macrovascular_Spasm""}"
305,1202,,SS003.002.012,"['Ontology', 'Disease']","{""ontology_id"": ""SS003.002.012"", ""umls_definition"": ""Hard, involved or complicated, elaborate, having many parts."", ""umls_all_sources"": ""[\""CHV\"", \""LNC\"", \""MTH\"", \""NCI\"", \""RCD\"", \""SCTSPA\"", \""SNMI\"", \""SNOMEDCT_US\""]"", ""level"": 2, ""umls_cui"": ""C0439855"", ""label"": ""Complex_Ventricular_Ectopy"", ""type"": ""disease"", ""umls_score"": 0.9903, ""umls_sources"": ""[\""SNOMEDCT_US\""]"", ""umls_types"": ""[\""T080\""]"", ""parent_id"": ""SS003.002"", ""umls_canonical_name"": ""Complex"", ""definition"": ""A type of ventricular arrhythmia characterized by frequent or multifocal premature ventricular contractions."", ""id"": ""SS003.002.012"", ""umls_mapping_json"": ""{\""cui\"": \""C0439855\"", \""canonical_name\"": \""Complex\"", \""score\"": 0.9903, \""types\"": [\""T080\""], \""definition\"": \""Hard, involved or complicated, elaborate, having many parts.\"", \""sources\"": [\""SNOMEDCT_US\""], \""all_sources\"": [\""CHV\"", \""LNC\"", \""MTH\"", \""NCI\"", \""RCD\"", \""SCTSPA\"", \""SNMI\"", \""SNOMEDCT_US\""]}"", ""name_cn"": ""复杂性室性异位搏动"", ""name_en"": ""Complex_Ventricular_Ectopy""}"
306,1203,,D001.016,"['Ontology', 'Disease']","{""ontology_id"": ""D001.016"", ""umls_definition"": """", ""umls_all_sources"": ""[\""CHV\"", \""MTH\"", \""RCD\"", \""SCTSPA\"", \""SNOMEDCT_US\""]"", ""level"": 1, ""umls_cui"": ""C0678234"", ""label"": ""Stenosis"", ""type"": ""disease"", ""umls_score"": 0.9955, ""umls_sources"": ""[\""SNOMEDCT_US\""]"", ""umls_types"": ""[\""T080\""]"", ""parent_id"": ""D001"", ""umls_canonical_name"": ""Stenosis Morphology"", ""definition"": ""An abnormal narrowing in a blood vessel or other tubular organ or structure."", ""id"": ""D001.016"", ""umls_mapping_json"": ""{\""cui\"": \""C0678234\"", \""canonical_name\"": \""Stenosis Morphology\"", \""score\"": 0.9955, \""types\"": [\""T080\""], \""definition\"": \""\"", \""sources\"": [\""SNOMEDCT_US\""], \""all_sources\"": [\""CHV\"", \""MTH\"", \""RCD\"", \""SCTSPA\"", \""SNOMEDCT_US\""]}"", ""name_cn"": ""狭窄"", ""name_en"": ""Stenosis""}"
307,1204,,D001.001.001.001.002.002,"['Ontology', 'Disease']","{""ontology_id"": ""D001.001.001.001.002.002"", ""umls_definition"": ""Bringing death."", ""umls_all_sources"": ""[\""CHV\"", \""LNC\"", \""MTH\"", \""NCI\"", \""SCTSPA\"", \""SNOMEDCT_US\""]"", ""level"": 5, ""umls_cui"": ""C1302234"", ""label"": ""Fatal and Non-fatal Myocardial Infarction"", ""type"": ""disease"", ""umls_score"": 0.969, ""umls_sources"": ""[\""SNOMEDCT_US\""]"", ""umls_types"": ""[\""T080\""]"", ""parent_id"": ""D001.001.001.001.002"", ""umls_canonical_name"": ""Fatal"", ""definition"": ""A condition encompassing both fatal and non-fatal cases of myocardial infarction, often considered in prognostic studies."", ""id"": ""D001.001.001.001.002.002"", ""umls_mapping_json"": ""{\""cui\"": \""C1302234\"", \""canonical_name\"": \""Fatal\"", \""score\"": 0.969, \""types\"": [\""T080\""], \""definition\"": \""Bringing death.\"", \""sources\"": [\""SNOMEDCT_US\""], \""all_sources\"": [\""CHV\"", \""LNC\"", \""MTH\"", \""NCI\"", \""SCTSPA\"", \""SNOMEDCT_US\""]}"", ""name_cn"": ""致命性和非致命性心肌梗死"", ""name_en"": ""Fatal and Non-fatal Myocardial Infarction""}"
308,1205,,D001.016.001,"['Ontology', 'Disease']","{""ontology_id"": ""D001.016.001"", ""umls_definition"": ""Situated nearest to a point of attachment or origin."", ""umls_all_sources"": ""[\""CHV\"", \""HL7V2.5\"", \""HPO\"", \""MTH\"", \""NCI\"", \""RCD\"", \""SCTSPA\"", \""SNMI\"", \""SNOMEDCT_US\"", \""UWDA\""]"", ""level"": 2, ""umls_cui"": ""C0205107"", ""label"": ""Proximal lesion"", ""type"": ""disease"", ""umls_score"": 0.9636, ""umls_sources"": ""[\""SNOMEDCT_US\""]"", ""umls_types"": ""[\""T082\""]"", ""parent_id"": ""D001.016"", ""umls_canonical_name"": ""Proximal"", ""definition"": ""A lesion located more proximally in a vessel, associated with more extensive ischemia and increased risk of clinical events."", ""id"": ""D001.016.001"", ""umls_mapping_json"": ""{\""cui\"": \""C0205107\"", \""canonical_name\"": \""Proximal\"", \""score\"": 0.9636, \""types\"": [\""T082\""], \""definition\"": \""Situated nearest to a point of attachment or origin.\"", \""sources\"": [\""SNOMEDCT_US\""], \""all_sources\"": [\""CHV\"", \""HL7V2.5\"", \""HPO\"", \""MTH\"", \""NCI\"", \""RCD\"", \""SCTSPA\"", \""SNMI\"", \""SNOMEDCT_US\"", \""UWDA\""]}"", ""name_cn"": ""近端病变"", ""name_en"": ""Proximal lesion""}"
309,1206,,D001.001.002.004,"['Ontology', 'Disease']","{""ontology_id"": ""D001.001.002.004"", ""level"": 3, ""parent_id"": ""D001.001.002"", ""definition"": ""Angina symptoms induced by physical activities, classified by the Canadian Cardiovascular Society grading system."", ""label"": ""Effort-Induced Angina"", ""id"": ""D001.001.002.004"", ""type"": ""disease"", ""name_cn"": ""劳力性心绞痛"", ""name_en"": ""Effort-Induced Angina""}"
310,1207,,D001.017,"['Ontology', 'Disease']","{""ontology_id"": ""D001.017"", ""umls_definition"": ""This gene plays a role in the modulation of ligand-specific receptor-mediated endocytosis, and also plays a regulatory role in cholesterol synthesis."", ""umls_all_sources"": ""[\""HGNC\"", \""LNC\"", \""MEDLINEPLUS\"", \""MTH\"", \""NCI\"", \""OMIM\"", \""SCTSPA\"", \""SNOMEDCT_US\""]"", ""level"": 1, ""umls_cui"": ""C1366529"", ""label"": ""Familial_Hypercholesterolemia"", ""type"": ""disease"", ""umls_score"": 0.9865, ""umls_sources"": ""[\""SNOMEDCT_US\""]"", ""umls_types"": ""[\""T028\""]"", ""parent_id"": ""D001"", ""umls_canonical_name"": ""LDLR gene"", ""definition"": ""A genetic disorder characterized by high cholesterol levels in the blood"", ""id"": ""D001.017"", ""umls_mapping_json"": ""{\""cui\"": \""C1366529\"", \""canonical_name\"": \""LDLR gene\"", \""score\"": 0.9865, \""types\"": [\""T028\""], \""definition\"": \""This gene plays a role in the modulation of ligand-specific receptor-mediated endocytosis, and also plays a regulatory role in cholesterol synthesis.\"", \""sources\"": [\""SNOMEDCT_US\""], \""all_sources\"": [\""HGNC\"", \""LNC\"", \""MEDLINEPLUS\"", \""MTH\"", \""NCI\"", \""OMIM\"", \""SCTSPA\"", \""SNOMEDCT_US\""]}"", ""name_cn"": ""家族性高胆固醇血症"", ""name_en"": ""Familial_Hypercholesterolemia""}"
311,1208,,D001.001.006.001.008,"['Ontology', 'Disease']","{""ontology_id"": ""D001.001.006.001.008"", ""level"": 4, ""parent_id"": ""D001.001.006.001"", ""definition"": ""Coronary artery disease characterized by ≥50% stenosis in the left main coronary artery as shown by CCTA."", ""label"": ""Left_Main_Stenosis"", ""id"": ""D001.001.006.001.008"", ""type"": ""disease"", ""name_cn"": ""左主干狭窄"", ""name_en"": ""Left_Main_Stenosis""}"
312,1209,,D001.001.004.005,"['Ontology', 'Disease']","{""ontology_id"": ""D001.001.004.005"", ""umls_definition"": """", ""umls_all_sources"": ""[\""CHV\"", \""HL7V2.5\"", \""LNC\"", \""RCD\"", \""SCTSPA\"", \""SNOMEDCT_US\""]"", ""level"": 3, ""umls_cui"": ""C0442016"", ""label"": ""Epicardial Vasospastic Angina"", ""type"": ""disease"", ""umls_score"": 0.9833, ""umls_sources"": ""[\""SNOMEDCT_US\""]"", ""umls_types"": ""[\""T082\""]"", ""parent_id"": ""D001.001.004"", ""umls_canonical_name"": ""Epicardial"", ""definition"": ""A type of vasospastic angina affecting the epicardial coronary arteries, often co-existing with microvascular angina and associated with a worse prognosis."", ""id"": ""D001.001.004.005"", ""umls_mapping_json"": ""{\""cui\"": \""C0442016\"", \""canonical_name\"": \""Epicardial\"", \""score\"": 0.9833, \""types\"": [\""T082\""], \""definition\"": \""\"", \""sources\"": [\""SNOMEDCT_US\""], \""all_sources\"": [\""CHV\"", \""HL7V2.5\"", \""LNC\"", \""RCD\"", \""SCTSPA\"", \""SNOMEDCT_US\""]}"", ""name_cn"": ""心外膜血管痉挛性心绞痛"", ""name_en"": ""Epicardial Vasospastic Angina""}"
313,1210,,D001.013.001,"['Ontology', 'Disease']","{""ontology_id"": ""D001.013.001"", ""umls_definition"": """", ""umls_all_sources"": ""[\""CHV\"", \""MTH\"", \""SCTSPA\"", \""SNMI\"", \""SNOMEDCT_US\"", \""SNOMEDCT_VET\""]"", ""level"": 2, ""umls_cui"": ""C0332271"", ""label"": ""Worse_Prognosis"", ""type"": ""disease"", ""umls_score"": 0.9834, ""umls_sources"": ""[\""SNOMEDCT_US\""]"", ""umls_types"": ""[\""T080\""]"", ""parent_id"": ""D001.013"", ""umls_canonical_name"": ""Worsening pattern"", ""definition"": ""A condition where the expected outcome of a disease is worse than average."", ""id"": ""D001.013.001"", ""umls_mapping_json"": ""{\""cui\"": \""C0332271\"", \""canonical_name\"": \""Worsening pattern\"", \""score\"": 0.9834, \""types\"": [\""T080\""], \""definition\"": \""\"", \""sources\"": [\""SNOMEDCT_US\""], \""all_sources\"": [\""CHV\"", \""MTH\"", \""SCTSPA\"", \""SNMI\"", \""SNOMEDCT_US\"", \""SNOMEDCT_VET\""]}"", ""name_cn"": ""预后不良"", ""name_en"": ""Worse_Prognosis""}"
314,1211,,D001.001.004.006,"['Ontology', 'Disease']","{""ontology_id"": ""D001.001.004.006"", ""level"": 3, ""parent_id"": ""D001.001.004"", ""definition"": ""A temporary, sudden narrowing of one or more of the coronary arteries that can lead to reduced blood flow to the heart muscle."", ""label"": ""Coronary_Spasm"", ""id"": ""D001.001.004.006"", ""type"": ""disease"", ""name_cn"": ""冠状动脉痉挛"", ""name_en"": ""Coronary_Spasm""}"
315,1212,,D001.001.016,"['Ontology', 'Disease']","{""ontology_id"": ""D001.001.016"", ""umls_definition"": ""Thickening and loss of elasticity of the walls of ARTERIES of all sizes. There are many forms classified by the types of lesions and arteries involved, such as ATHEROSCLEROSIS with fatty lesions in the ARTERIAL INTIMA of medium and large muscular arteries."", ""umls_all_sources"": ""[\""HPO\"", \""ICPC2P\"", \""LCH\"", \""LCH_NW\"", \""MDR\"", \""MDRARA\"", \""MDRCZE\"", \""MDRDUT\"", \""MEDLINEPLUS\"", \""MSH\"", \""MSHCZE\"", \""MSHDUT\"", \""NCI\"", \""OMIM\"", \""PSY\"", \""RCD\"", \""SNM\"", \""SNOMEDCT_US\""]"", ""level"": 2, ""umls_cui"": ""C0003850"", ""label"": ""Non-obstructive Coronary Atherosclerosis"", ""type"": ""disease"", ""umls_score"": 0.8348, ""umls_sources"": ""[\""SNOMEDCT_US\""]"", ""umls_types"": ""[\""T047\""]"", ""parent_id"": ""D001.001"", ""umls_canonical_name"": ""Arteriosclerosis"", ""definition"": ""A type of coronary artery disease where atherosclerosis is present but does not cause significant obstruction of blood flow"", ""id"": ""D001.001.016"", ""umls_mapping_json"": ""{\""cui\"": \""C0003850\"", \""canonical_name\"": \""Arteriosclerosis\"", \""score\"": 0.8348, \""types\"": [\""T047\""], \""definition\"": \""Thickening and loss of elasticity of the walls of ARTERIES of all sizes. There are many forms classified by the types of lesions and arteries involved, such as ATHEROSCLEROSIS with fatty lesions in the ARTERIAL INTIMA of medium and large muscular arteries.\"", \""sources\"": [\""SNOMEDCT_US\""], \""all_sources\"": [\""HPO\"", \""ICPC2P\"", \""LCH\"", \""LCH_NW\"", \""MDR\"", \""MDRARA\"", \""MDRCZE\"", \""MDRDUT\"", \""MEDLINEPLUS\"", \""MSH\"", \""MSHCZE\"", \""MSHDUT\"", \""NCI\"", \""OMIM\"", \""PSY\"", \""RCD\"", \""SNM\"", \""SNOMEDCT_US\""]}"", ""name_cn"": ""非阻塞性冠状动脉粥样硬化"", ""name_en"": ""Non-obstructive Coronary Atherosclerosis""}"
316,1213,,D001.018,"['Ontology', 'Disease']","{""ontology_id"": ""D001.018"", ""umls_definition"": ""Derived as a result of a primary condition; not direct or immediate; of second rank or importance or value."", ""umls_all_sources"": ""[\""CCPSS\"", \""CHV\"", \""LNC\"", \""MTH\"", \""NCI\"", \""RCD\"", \""SCTSPA\"", \""SNMI\"", \""SNOMEDCT_US\""]"", ""level"": 1, ""umls_cui"": ""C0175668"", ""label"": ""Secondary Mitral Regurgitation"", ""type"": ""disease"", ""umls_score"": 0.9853, ""umls_sources"": ""[\""SNOMEDCT_US\""]"", ""umls_types"": ""[\""T080\""]"", ""parent_id"": ""D001"", ""umls_canonical_name"": ""Secondary to"", ""definition"": ""A condition where the mitral valve does not close properly due to left ventricular dysfunction, often ischemic in origin."", ""id"": ""D001.018"", ""umls_mapping_json"": ""{\""cui\"": \""C0175668\"", \""canonical_name\"": \""Secondary to\"", \""score\"": 0.9853, \""types\"": [\""T080\""], \""definition\"": \""Derived as a result of a primary condition; not direct or immediate; of second rank or importance or value.\"", \""sources\"": [\""SNOMEDCT_US\""], \""all_sources\"": [\""CCPSS\"", \""CHV\"", \""LNC\"", \""MTH\"", \""NCI\"", \""RCD\"", \""SCTSPA\"", \""SNMI\"", \""SNOMEDCT_US\""]}"", ""name_cn"": ""继发性二尖瓣反流"", ""name_en"": ""Secondary Mitral Regurgitation""}"
317,1214,,D001.001.006.001.009,"['Ontology', 'Disease']","{""ontology_id"": ""D001.001.006.001.009"", ""umls_definition"": ""Situated nearest to a point of attachment or origin."", ""umls_all_sources"": ""[\""CHV\"", \""HL7V2.5\"", \""HPO\"", \""MTH\"", \""NCI\"", \""RCD\"", \""SCTSPA\"", \""SNMI\"", \""SNOMEDCT_US\"", \""UWDA\""]"", ""level"": 4, ""umls_cui"": ""C0205107"", ""label"": ""Coronary Artery Diameter Stenosis >70% in Proximal Segments"", ""type"": ""disease"", ""umls_score"": 0.9636, ""umls_sources"": ""[\""SNOMEDCT_US\""]"", ""umls_types"": ""[\""T082\""]"", ""parent_id"": ""D001.001.006.001"", ""umls_canonical_name"": ""Proximal"", ""definition"": ""A condition where the diameter stenosis of the coronary artery in proximal segments exceeds 70%, often indicating significant obstruction."", ""id"": ""D001.001.006.001.009"", ""umls_mapping_json"": ""{\""cui\"": \""C0205107\"", \""canonical_name\"": \""Proximal\"", \""score\"": 0.9636, \""types\"": [\""T082\""], \""definition\"": \""Situated nearest to a point of attachment or origin.\"", \""sources\"": [\""SNOMEDCT_US\""], \""all_sources\"": [\""CHV\"", \""HL7V2.5\"", \""HPO\"", \""MTH\"", \""NCI\"", \""RCD\"", \""SCTSPA\"", \""SNMI\"", \""SNOMEDCT_US\"", \""UWDA\""]}"", ""name_cn"": ""近端段冠状动脉直径狭窄>70%"", ""name_en"": ""Coronary Artery Diameter Stenosis >70% in Proximal Segments""}"
318,1215,,D001.001.017,"['Ontology', 'Disease']","{""ontology_id"": ""D001.001.017"", ""umls_definition"": ""An imbalance between myocardial functional requirements and the capacity of the CORONARY VESSELS to supply sufficient blood flow. It is a form of MYOCARDIAL ISCHEMIA (insufficient blood supply to the heart muscle) caused by a decreased capacity of the coronary vessels."", ""umls_all_sources"": ""[\""ICPC2ICD10DUT\"", \""ICPC2P\"", \""LCH\"", \""LCH_NW\"", \""MDR\"", \""MDRARA\"", \""MDRCZE\"", \""MDRDUT\"", \""MEDLINEPLUS\"", \""MSH\"", \""MSHCZE\"", \""MSHDUT\"", \""MTH\"", \""PSY\"", \""RCD\"", \""SNOMEDCT_US\""]"", ""level"": 2, ""umls_cui"": ""C0010068"", ""label"": ""Chronic_Coronary_Disease"", ""type"": ""disease"", ""umls_score"": 0.8364, ""umls_sources"": ""[\""SNOMEDCT_US\""]"", ""umls_types"": ""[\""T047\""]"", ""parent_id"": ""D001.001"", ""umls_canonical_name"": ""Coronary heart disease"", ""definition"": ""A long-term condition characterized by progressive narrowing or blockage of the coronary arteries, which may lead to acute coronary syndrome (ACS)."", ""id"": ""D001.001.017"", ""umls_mapping_json"": ""{\""cui\"": \""C0010068\"", \""canonical_name\"": \""Coronary heart disease\"", \""score\"": 0.8364, \""types\"": [\""T047\""], \""definition\"": \""An imbalance between myocardial functional requirements and the capacity of the CORONARY VESSELS to supply sufficient blood flow. It is a form of MYOCARDIAL ISCHEMIA (insufficient blood supply to the heart muscle) caused by a decreased capacity of the coronary vessels.\"", \""sources\"": [\""SNOMEDCT_US\""], \""all_sources\"": [\""ICPC2ICD10DUT\"", \""ICPC2P\"", \""LCH\"", \""LCH_NW\"", \""MDR\"", \""MDRARA\"", \""MDRCZE\"", \""MDRDUT\"", \""MEDLINEPLUS\"", \""MSH\"", \""MSHCZE\"", \""MSHDUT\"", \""MTH\"", \""PSY\"", \""RCD\"", \""SNOMEDCT_US\""]}"", ""name_cn"": ""慢性冠状动脉疾病"", ""name_en"": ""Chronic_Coronary_Disease""}"
319,1216,,D001.019,"['Ontology', 'Disease']","{""ontology_id"": ""D001.019"", ""umls_definition"": ""Pericarditis that is caused by an infection with a viral agent."", ""umls_all_sources"": ""[\""CCPSS\"", \""CHV\"", \""COSTAR\"", \""ICD10CM\"", \""ICPC2ICD10DUT\"", \""MDR\"", \""MDRARA\"", \""MDRCZE\"", \""MDRDUT\"", \""MEDCIN\"", \""RCD\"", \""SNMI\"", \""SNOMEDCT_US\""]"", ""level"": 1, ""umls_cui"": ""C0276139"", ""label"": ""Pericarditis"", ""type"": ""disease"", ""umls_score"": 0.8308, ""umls_sources"": ""[\""ICD10CM\"", \""SNOMEDCT_US\""]"", ""umls_types"": ""[\""T047\""]"", ""parent_id"": ""D001"", ""umls_canonical_name"": ""Viral pericarditis"", ""definition"": ""Inflammation of the pericardium"", ""id"": ""D001.019"", ""umls_mapping_json"": ""{\""cui\"": \""C0276139\"", \""canonical_name\"": \""Viral pericarditis\"", \""score\"": 0.8308, \""types\"": [\""T047\""], \""definition\"": \""Pericarditis that is caused by an infection with a viral agent.\"", \""sources\"": [\""ICD10CM\"", \""SNOMEDCT_US\""], \""all_sources\"": [\""CCPSS\"", \""CHV\"", \""COSTAR\"", \""ICD10CM\"", \""ICPC2ICD10DUT\"", \""MDR\"", \""MDRARA\"", \""MDRCZE\"", \""MDRDUT\"", \""MEDCIN\"", \""RCD\"", \""SNMI\"", \""SNOMEDCT_US\""]}"", ""name_cn"": ""心包炎"", ""name_en"": ""Pericarditis""}"
320,1217,,D001.001.013.005,"['Ontology', 'Disease']","{""ontology_id"": ""D001.001.013.005"", ""umls_definition"": ""Condition did not change and required not further care to maintain condition"", ""umls_all_sources"": ""[\""CCC\"", \""CHV\"", \""LNC\"", \""MTH\"", \""SCTSPA\"", \""SNOMEDCT_US\""]"", ""level"": 3, ""umls_cui"": ""C0184512"", ""label"": ""Destabilizing_Coronary_Atherosclerotic_Plaque"", ""type"": ""disease"", ""umls_score"": 0.8328, ""umls_sources"": ""[\""SNOMEDCT_US\""]"", ""umls_types"": ""[\""T033\""]"", ""parent_id"": ""D001.001.013"", ""umls_canonical_name"": ""Stabilized (qualifier value)"", ""definition"": ""A coronary atherosclerotic plaque that is becoming unstable, potentially leading to acute coronary syndromes."", ""id"": ""D001.001.013.005"", ""umls_mapping_json"": ""{\""cui\"": \""C0184512\"", \""canonical_name\"": \""Stabilized (qualifier value)\"", \""score\"": 0.8328, \""types\"": [\""T033\""], \""definition\"": \""Condition did not change and required not further care to maintain condition\"", \""sources\"": [\""SNOMEDCT_US\""], \""all_sources\"": [\""CCC\"", \""CHV\"", \""LNC\"", \""MTH\"", \""SCTSPA\"", \""SNOMEDCT_US\""]}"", ""name_cn"": ""不稳定性冠状动脉粥样硬化斑块"", ""name_en"": ""Destabilizing_Coronary_Atherosclerotic_Plaque""}"
321,1218,,D001.020,"['Ontology', 'Disease']","{""ontology_id"": ""D001.020"", ""level"": 1, ""parent_id"": ""D001"", ""definition"": ""A condition characterized by abnormally high levels of uric acid in the blood, which may affect renal function."", ""label"": ""Hyperuricemia"", ""id"": ""D001.020"", ""type"": ""disease"", ""name_cn"": ""高尿酸血症"", ""name_en"": ""Hyperuricemia""}"
322,1219,,D001.021,"['Ontology', 'Disease']","{""ontology_id"": ""D001.021"", ""umls_definition"": ""Failure of proper functioning of the right ventricle, with venous engorgement, hepatic enlargement, and subcutaneous edema."", ""level"": 1, ""umls_cui"": ""C2939447"", ""label"": ""Heart_Failure"", ""type"": ""disease"", ""umls_score"": 0.8648, ""umls_types"": ""[\""T047\""]"", ""parent_id"": ""D001"", ""definition"": ""A chronic condition where the heart doesn't pump blood as well as it should"", ""umls_canonical_name"": ""Right ventricular failure"", ""id"": ""D001.021"", ""umls_mapping_json"": ""{\""cui\"": \""C2939447\"", \""canonical_name\"": \""Right ventricular failure\"", \""score\"": 0.8648, \""types\"": [\""T047\""], \""definition\"": \""Failure of proper functioning of the right ventricle, with venous engorgement, hepatic enlargement, and subcutaneous edema.\""}"", ""name_cn"": ""心力衰竭"", ""name_en"": ""Heart_Failure""}"
323,1220,,D001.016.002,"['Ontology', 'Disease']","{""ontology_id"": ""D001.016.002"", ""level"": 2, ""parent_id"": ""D001.016"", ""definition"": ""Obstructive Coronary Artery Stenosis is a condition characterized by the narrowing of coronary arteries, leading to restricted blood flow to the heart muscle. It is typically defined as a reduction in the diameter of the artery by 50% or more, often 70% or greater, which can result in ischemia and increase the risk of myocardial infarction."", ""label"": ""Obstructive_Coronary_Artery_Stenosis"", ""id"": ""D001.016.002"", ""type"": ""disease"", ""name_cn"": ""阻塞性冠状动脉狭窄"", ""name_en"": ""Obstructive_Coronary_Artery_Stenosis""}"
324,1221,,D001.022,"['Ontology', 'Disease']","{""ontology_id"": ""D001.022"", ""umls_definition"": """", ""umls_all_sources"": ""[\""CHV\"", \""SCTSPA\"", \""SNMI\"", \""SNOMEDCT_US\""]"", ""level"": 1, ""umls_cui"": ""C0522506"", ""label"": ""Downstream_ICA"", ""type"": ""disease"", ""umls_score"": 0.9651, ""umls_sources"": ""[\""SNOMEDCT_US\""]"", ""umls_types"": ""[\""T082\""]"", ""parent_id"": ""D001"", ""umls_canonical_name"": ""Downstream"", ""definition"": ""Downstream ICA (Internal Carotid Artery) refers to vascular lesions or abnormalities located beyond the bifurcation of the internal carotid artery, which may impact blood flow and cerebral perfusion, potentially leading to clinical manifestations such as transient ischemic attacks or stroke."", ""id"": ""D001.022"", ""umls_mapping_json"": ""{\""cui\"": \""C0522506\"", \""canonical_name\"": \""Downstream\"", \""score\"": 0.9651, \""types\"": [\""T082\""], \""definition\"": \""\"", \""sources\"": [\""SNOMEDCT_US\""], \""all_sources\"": [\""CHV\"", \""SCTSPA\"", \""SNMI\"", \""SNOMEDCT_US\""]}"", ""name_cn"": ""下游颈内动脉"", ""name_en"": ""Downstream_ICA""}"
325,1222,,D001.023,"['Ontology', 'Disease']","{""ontology_id"": ""D001.023"", ""umls_definition"": ""The HEART and the BLOOD VESSELS by which BLOOD is pumped and circulated through the body."", ""umls_all_sources"": ""[\""CST\"", \""FMA\"", \""LCH\"", \""LCH_NW\"", \""LNC\"", \""MSH\"", \""MSHCZE\"", \""MSHDUT\"", \""MTH\"", \""NCI\"", \""PSY\"", \""RCD\"", \""SNM\"", \""SNMI\"", \""SNOMEDCT_US\"", \""UWDA\""]"", ""level"": 1, ""umls_cui"": ""C0007226"", ""label"": ""Cardiovascular_Death"", ""type"": ""disease"", ""umls_score"": 0.844, ""umls_sources"": ""[\""SNOMEDCT_US\""]"", ""umls_types"": ""[\""T022\""]"", ""parent_id"": ""D001"", ""umls_canonical_name"": ""Cardiovascular system"", ""definition"": ""Death caused by cardiovascular diseases"", ""id"": ""D001.023"", ""umls_mapping_json"": ""{\""cui\"": \""C0007226\"", \""canonical_name\"": \""Cardiovascular system\"", \""score\"": 0.844, \""types\"": [\""T022\""], \""definition\"": \""The HEART and the BLOOD VESSELS by which BLOOD is pumped and circulated through the body.\"", \""sources\"": [\""SNOMEDCT_US\""], \""all_sources\"": [\""CST\"", \""FMA\"", \""LCH\"", \""LCH_NW\"", \""LNC\"", \""MSH\"", \""MSHCZE\"", \""MSHDUT\"", \""MTH\"", \""NCI\"", \""PSY\"", \""RCD\"", \""SNM\"", \""SNMI\"", \""SNOMEDCT_US\"", \""UWDA\""]}"", ""name_cn"": ""心血管死亡"", ""name_en"": ""Cardiovascular_Death""}"
326,1223,,D001.001.018,"['Ontology', 'Disease']","{""ontology_id"": ""D001.001.018"", ""level"": 2, ""parent_id"": ""D001.001"", ""definition"": ""The amount of oxygen required by the heart muscle to maintain its function, particularly during increased workload or stress."", ""label"": ""Myocardial Oxygen Demand"", ""id"": ""D001.001.018"", ""type"": ""disease"", ""name_cn"": ""心肌氧需求量"", ""name_en"": ""Myocardial Oxygen Demand""}"
327,1224,,D001.024,"['Ontology', 'Disease']","{""ontology_id"": ""D001.024"", ""level"": 1, ""parent_id"": ""D001"", ""definition"": ""A broad term referring to various conditions affecting the heart."", ""label"": ""Cardiac_Conditions"", ""id"": ""D001.024"", ""type"": ""disease"", ""name_cn"": ""心脏疾病"", ""name_en"": ""Cardiac_Conditions""}"
328,1225,,D001.001.019,"['Ontology', 'Disease']","{""ontology_id"": ""D001.001.019"", ""level"": 2, ""parent_id"": ""D001.001"", ""definition"": ""A condition characterized by reduced blood flow to the heart muscle during vasodilation or stress compared to resting state."", ""label"": ""Myocardial_Hypoperfusion"", ""id"": ""D001.001.019"", ""type"": ""disease"", ""name_cn"": ""心肌低灌注"", ""name_en"": ""Myocardial_Hypoperfusion""}"
329,1226,,D001.001.006.001.010,"['Ontology', 'Disease']","{""ontology_id"": ""D001.001.006.001.010"", ""umls_definition"": ""A disorder affecting the smallest coronary arteries. Causes include atherosclerosis and arterial spasm. Chest pain is a frequently observed symptom."", ""umls_all_sources"": ""[\""CHV\"", \""MDR\"", \""MDRARA\"", \""MDRCZE\"", \""MDRDUT\"", \""MSH\"", \""MSHCZE\"", \""MSHDUT\"", \""MTH\"", \""NCI\"", \""SNOMEDCT_US\""]"", ""level"": 4, ""umls_cui"": ""C0206064"", ""label"": ""Multivessel Coronary Artery Disease"", ""type"": ""disease"", ""umls_score"": 0.871, ""umls_sources"": ""[\""SNOMEDCT_US\""]"", ""umls_types"": ""[\""T047\""]"", ""parent_id"": ""D001.001.006.001"", ""umls_canonical_name"": ""Microvascular Angina"", ""definition"": ""A condition where multiple coronary arteries are affected by atherosclerosis, leading to reduced blood flow to the heart muscle."", ""id"": ""D001.001.006.001.010"", ""umls_mapping_json"": ""{\""cui\"": \""C0206064\"", \""canonical_name\"": \""Microvascular Angina\"", \""score\"": 0.871, \""types\"": [\""T047\""], \""definition\"": \""A disorder affecting the smallest coronary arteries. Causes include atherosclerosis and arterial spasm. Chest pain is a frequently observed symptom.\"", \""sources\"": [\""SNOMEDCT_US\""], \""all_sources\"": [\""CHV\"", \""MDR\"", \""MDRARA\"", \""MDRCZE\"", \""MDRDUT\"", \""MSH\"", \""MSHCZE\"", \""MSHDUT\"", \""MTH\"", \""NCI\"", \""SNOMEDCT_US\""]}"", ""name_cn"": ""多支冠状动脉疾病"", ""name_en"": ""Multivessel Coronary Artery Disease""}"
330,1227,,D001.001.013.006,"['Ontology', 'Disease']","{""ontology_id"": ""D001.001.013.006"", ""umls_definition"": ""Intensely bad or unpleasant in degree, quality or extent."", ""umls_all_sources"": ""[\""CCPSS\"", \""CHV\"", \""HPO\"", \""LNC\"", \""MTH\"", \""NCI\"", \""RCD\"", \""SNMI\"", \""SNOMEDCT_US\""]"", ""level"": 3, ""umls_cui"": ""C0205082"", ""label"": ""Severe Obstructive Coronary Artery Disease"", ""type"": ""disease"", ""umls_score"": 0.9812, ""umls_sources"": ""[\""SNOMEDCT_US\""]"", ""umls_types"": ""[\""T033\""]"", ""parent_id"": ""D001.001.013"", ""umls_canonical_name"": ""Severe (severity modifier)"", ""definition"": ""A severe form of coronary artery disease characterized by significant obstruction of the coronary arteries."", ""id"": ""D001.001.013.006"", ""umls_mapping_json"": ""{\""cui\"": \""C0205082\"", \""canonical_name\"": \""Severe (severity modifier)\"", \""score\"": 0.9812, \""types\"": [\""T033\""], \""definition\"": \""Intensely bad or unpleasant in degree, quality or extent.\"", \""sources\"": [\""SNOMEDCT_US\""], \""all_sources\"": [\""CCPSS\"", \""CHV\"", \""HPO\"", \""LNC\"", \""MTH\"", \""NCI\"", \""RCD\"", \""SNMI\"", \""SNOMEDCT_US\""]}"", ""name_cn"": ""严重阻塞性冠状动脉疾病"", ""name_en"": ""Severe Obstructive Coronary Artery Disease""}"
331,1228,,D001.001.020,"['Ontology', 'Disease']","{""ontology_id"": ""D001.001.020"", ""level"": 2, ""parent_id"": ""D001.001"", ""definition"": ""Myocardial Perfusion Supply-Demand Impairment refers to a pathological condition characterized by an imbalance between the supply of blood to the myocardium (heart muscle) and the metabolic demand of the myocardial tissues, leading to insufficient oxygen and nutrient delivery to the heart, which can result in ischemia and subsequent myocardial dysfunction or damage."", ""label"": ""Myocardial_Perfusion_Supply_Demand_Impairment"", ""id"": ""D001.001.020"", ""type"": ""disease"", ""name_cn"": ""心肌灌注供需障碍"", ""name_en"": ""Myocardial_Perfusion_Supply_Demand_Impairment""}"
332,1229,,D001.001.005.007,"['Ontology', 'Disease']","{""ontology_id"": ""D001.001.005.007"", ""umls_definition"": ""Deranged function in an individual or an organ that is due to a disease. (MedicineNet.com)"", ""umls_all_sources"": ""[\""AOD\"", \""CCPSS\"", \""CSP\"", \""MTH\"", \""NCI\"", \""SCTSPA\"", \""SNM\"", \""SNMI\"", \""SNOMEDCT_US\""]"", ""level"": 3, ""umls_cui"": ""C0277785"", ""label"": ""Functional disorders leading to ANOCA or INOCA"", ""type"": ""disease"", ""umls_score"": 0.9789, ""umls_sources"": ""[\""SNOMEDCT_US\""]"", ""umls_types"": ""[\""T046\""]"", ""parent_id"": ""D001.001.005"", ""umls_canonical_name"": ""Functional disorder"", ""definition"": ""Functional disorders that lead to angina with non-obstructive coronary arteries (ANOCA) or ischemia with non-obstructive coronary arteries (INOCA), such as microvascular angina (MVA) and vasospastic angina (VSA)."", ""id"": ""D001.001.005.007"", ""umls_mapping_json"": ""{\""cui\"": \""C0277785\"", \""canonical_name\"": \""Functional disorder\"", \""score\"": 0.9789, \""types\"": [\""T046\""], \""definition\"": \""Deranged function in an individual or an organ that is due to a disease. (MedicineNet.com)\"", \""sources\"": [\""SNOMEDCT_US\""], \""all_sources\"": [\""AOD\"", \""CCPSS\"", \""CSP\"", \""MTH\"", \""NCI\"", \""SCTSPA\"", \""SNM\"", \""SNMI\"", \""SNOMEDCT_US\""]}"", ""name_cn"": ""导致ANOCA或INOCA的功能性障碍"", ""name_en"": ""Functional disorders leading to ANOCA or INOCA""}"
333,1230,,D001.001.021,"['Ontology', 'Disease']","{""ontology_id"": ""D001.001.021"", ""level"": 2, ""parent_id"": ""D001.001"", ""definition"": ""Blood flow through the coronary arteries that supply the heart muscle"", ""label"": ""Coronary_Circulation"", ""id"": ""D001.001.021"", ""type"": ""disease"", ""name_cn"": ""冠状动脉循环"", ""name_en"": ""Coronary_Circulation""}"
334,1231,,D001.001.006.001.011,"['Ontology', 'Disease']","{""ontology_id"": ""D001.001.006.001.011"", ""umls_definition"": ""Used of the degree of something undesirable e.g. pain or weather; also, strictness."", ""umls_all_sources"": ""[\""CHV\"", \""LNC\"", \""MTH\"", \""NCI\"", \""RCD\"", \""SCTSPA\"", \""SNMI\"", \""SNOMEDCT_US\""]"", ""level"": 4, ""umls_cui"": ""C0439793"", ""label"": ""Severity_of_Coronary_Stenoses"", ""type"": ""disease"", ""umls_score"": 0.9799, ""umls_sources"": ""[\""SNOMEDCT_US\""]"", ""umls_types"": ""[\""T080\""]"", ""parent_id"": ""D001.001.006.001"", ""umls_canonical_name"": ""Severities"", ""definition"": ""The degree of narrowing in the coronary arteries, often assessed in patients with stable angina."", ""id"": ""D001.001.006.001.011"", ""umls_mapping_json"": ""{\""cui\"": \""C0439793\"", \""canonical_name\"": \""Severities\"", \""score\"": 0.9799, \""types\"": [\""T080\""], \""definition\"": \""Used of the degree of something undesirable e.g. pain or weather; also, strictness.\"", \""sources\"": [\""SNOMEDCT_US\""], \""all_sources\"": [\""CHV\"", \""LNC\"", \""MTH\"", \""NCI\"", \""RCD\"", \""SCTSPA\"", \""SNMI\"", \""SNOMEDCT_US\""]}"", ""name_cn"": ""冠状动脉狭窄程度"", ""name_en"": ""Severity_of_Coronary_Stenoses""}"
335,1232,,D001.001.006.001.012,"['Ontology', 'Disease']","{""ontology_id"": ""D001.001.006.001.012"", ""umls_definition"": ""An imbalance between myocardial functional requirements and the capacity of the CORONARY VESSELS to supply sufficient blood flow. It is a form of MYOCARDIAL ISCHEMIA (insufficient blood supply to the heart muscle) caused by a decreased capacity of the coronary vessels."", ""umls_all_sources"": ""[\""ICPC2ICD10DUT\"", \""ICPC2P\"", \""LCH\"", \""LCH_NW\"", \""MDR\"", \""MDRARA\"", \""MDRCZE\"", \""MDRDUT\"", \""MEDLINEPLUS\"", \""MSH\"", \""MSHCZE\"", \""MSHDUT\"", \""MTH\"", \""PSY\"", \""RCD\"", \""SNOMEDCT_US\""]"", ""level"": 4, ""umls_cui"": ""C0010068"", ""label"": ""Flow-limiting CAD"", ""type"": ""disease"", ""umls_score"": 0.9699, ""umls_sources"": ""[\""SNOMEDCT_US\""]"", ""umls_types"": ""[\""T047\""]"", ""parent_id"": ""D001.001.006.001"", ""umls_canonical_name"": ""Coronary heart disease"", ""definition"": ""Flow-limiting coronary artery disease (CAD) is a type of coronary artery disease characterized by a significant reduction in blood flow through the coronary arteries, which may lead to myocardial ischemia, particularly during periods of increased myocardial oxygen demand. This condition is typically identified through diagnostic techniques such as angiography and may require interventions to restore adequate blood flow and prevent adverse cardiovascular events."", ""id"": ""D001.001.006.001.012"", ""umls_mapping_json"": ""{\""cui\"": \""C0010068\"", \""canonical_name\"": \""Coronary heart disease\"", \""score\"": 0.9699, \""types\"": [\""T047\""], \""definition\"": \""An imbalance between myocardial functional requirements and the capacity of the CORONARY VESSELS to supply sufficient blood flow. It is a form of MYOCARDIAL ISCHEMIA (insufficient blood supply to the heart muscle) caused by a decreased capacity of the coronary vessels.\"", \""sources\"": [\""SNOMEDCT_US\""], \""all_sources\"": [\""ICPC2ICD10DUT\"", \""ICPC2P\"", \""LCH\"", \""LCH_NW\"", \""MDR\"", \""MDRARA\"", \""MDRCZE\"", \""MDRDUT\"", \""MEDLINEPLUS\"", \""MSH\"", \""MSHCZE\"", \""MSHDUT\"", \""MTH\"", \""PSY\"", \""RCD\"", \""SNOMEDCT_US\""]}"", ""name_cn"": ""血流限制性冠状动脉疾病"", ""name_en"": ""Flow-limiting CAD""}"
336,1233,,D001.001.004.007,"['Ontology', 'Disease']","{""ontology_id"": ""D001.001.004.007"", ""umls_definition"": ""Deranged function in an individual or an organ that is due to a disease. (MedicineNet.com)"", ""umls_all_sources"": ""[\""AOD\"", \""CCPSS\"", \""CSP\"", \""MTH\"", \""NCI\"", \""SCTSPA\"", \""SNM\"", \""SNMI\"", \""SNOMEDCT_US\""]"", ""level"": 3, ""umls_cui"": ""C0277785"", ""label"": ""Vascular Smooth Muscle Dysfunction"", ""type"": ""disease"", ""umls_score"": 0.9438, ""umls_sources"": ""[\""SNOMEDCT_US\""]"", ""umls_types"": ""[\""T046\""]"", ""parent_id"": ""D001.001.004"", ""umls_canonical_name"": ""Functional disorder"", ""definition"": ""A condition characterized by abnormal function of vascular smooth muscle, often leading to vasospasm."", ""id"": ""D001.001.004.007"", ""umls_mapping_json"": ""{\""cui\"": \""C0277785\"", \""canonical_name\"": \""Functional disorder\"", \""score\"": 0.9438, \""types\"": [\""T046\""], \""definition\"": \""Deranged function in an individual or an organ that is due to a disease. (MedicineNet.com)\"", \""sources\"": [\""SNOMEDCT_US\""], \""all_sources\"": [\""AOD\"", \""CCPSS\"", \""CSP\"", \""MTH\"", \""NCI\"", \""SCTSPA\"", \""SNM\"", \""SNMI\"", \""SNOMEDCT_US\""]}"", ""name_cn"": ""血管平滑肌功能障碍"", ""name_en"": ""Vascular Smooth Muscle Dysfunction""}"
337,1234,,D001.001.016.001,"['Ontology', 'Disease']","{""ontology_id"": ""D001.001.016.001"", ""umls_definition"": ""Thickening and loss of elasticity of the walls of ARTERIES of all sizes. There are many forms classified by the types of lesions and arteries involved, such as ATHEROSCLEROSIS with fatty lesions in the ARTERIAL INTIMA of medium and large muscular arteries."", ""umls_all_sources"": ""[\""HPO\"", \""ICPC2P\"", \""LCH\"", \""LCH_NW\"", \""MDR\"", \""MDRARA\"", \""MDRCZE\"", \""MDRDUT\"", \""MEDLINEPLUS\"", \""MSH\"", \""MSHCZE\"", \""MSHDUT\"", \""NCI\"", \""OMIM\"", \""PSY\"", \""RCD\"", \""SNM\"", \""SNOMEDCT_US\""]"", ""level"": 3, ""umls_cui"": ""C0003850"", ""label"": ""Coronary_Atherosclerosis"", ""type"": ""disease"", ""umls_score"": 0.8348, ""umls_sources"": ""[\""SNOMEDCT_US\""]"", ""umls_types"": ""[\""T047\""]"", ""parent_id"": ""D001.001.016"", ""umls_canonical_name"": ""Arteriosclerosis"", ""definition"": ""A condition where the coronary arteries become narrowed or blocked due to the buildup of atherosclerotic plaques."", ""id"": ""D001.001.016.001"", ""umls_mapping_json"": ""{\""cui\"": \""C0003850\"", \""canonical_name\"": \""Arteriosclerosis\"", \""score\"": 0.8348, \""types\"": [\""T047\""], \""definition\"": \""Thickening and loss of elasticity of the walls of ARTERIES of all sizes. There are many forms classified by the types of lesions and arteries involved, such as ATHEROSCLEROSIS with fatty lesions in the ARTERIAL INTIMA of medium and large muscular arteries.\"", \""sources\"": [\""SNOMEDCT_US\""], \""all_sources\"": [\""HPO\"", \""ICPC2P\"", \""LCH\"", \""LCH_NW\"", \""MDR\"", \""MDRARA\"", \""MDRCZE\"", \""MDRDUT\"", \""MEDLINEPLUS\"", \""MSH\"", \""MSHCZE\"", \""MSHDUT\"", \""NCI\"", \""OMIM\"", \""PSY\"", \""RCD\"", \""SNM\"", \""SNOMEDCT_US\""]}"", ""name_cn"": ""冠状动脉粥样硬化"", ""name_en"": ""Coronary_Atherosclerosis""}"
338,1235,,D001.025,"['Ontology', 'Disease']","{""ontology_id"": ""D001.025"", ""level"": 1, ""parent_id"": ""D001"", ""definition"": ""A condition caused by interrupted blood supply to the brain, leading to cell death."", ""label"": ""Stroke"", ""id"": ""D001.025"", ""type"": ""disease"", ""name_cn"": ""中风"", ""name_en"": ""Stroke""}"
339,1236,,D001.016.002.002,"['Ontology', 'Disease']","{""ontology_id"": ""D001.016.002.002"", ""level"": 3, ""parent_id"": ""D001.016.002"", ""definition"": ""A condition where the stenosis does not significantly affect blood flow hemodynamically."", ""label"": ""Hemodynamically_Insignificant"", ""id"": ""D001.016.002.002"", ""type"": ""disease"", ""name_cn"": ""非血流动力学显著"", ""name_en"": ""Hemodynamically_Insignificant""}"
340,1237,,D001.016.002.005,"['Ontology', 'Disease']","{""ontology_id"": ""D001.016.002.005"", ""umls_definition"": ""The normal action performed by a structure or device."", ""umls_all_sources"": ""[\""CHV\"", \""LNC\"", \""MTH\"", \""NCI\"", \""RCD\"", \""SCTSPA\"", \""SNOMEDCT_US\""]"", ""level"": 3, ""umls_cui"": ""C0542341"", ""label"": ""Functionally_Non-significant_Stenosis"", ""type"": ""disease"", ""umls_score"": 0.826, ""umls_sources"": ""[\""SNOMEDCT_US\""]"", ""umls_types"": ""[\""T169\""]"", ""parent_id"": ""D001.016.002"", ""umls_canonical_name"": ""Function (attribute)"", ""definition"": ""A stenosis that does not significantly affect blood flow or function, often determined by specific angiographic cut-off values."", ""id"": ""D001.016.002.005"", ""umls_mapping_json"": ""{\""cui\"": \""C0542341\"", \""canonical_name\"": \""Function (attribute)\"", \""score\"": 0.826, \""types\"": [\""T169\""], \""definition\"": \""The normal action performed by a structure or device.\"", \""sources\"": [\""SNOMEDCT_US\""], \""all_sources\"": [\""CHV\"", \""LNC\"", \""MTH\"", \""NCI\"", \""RCD\"", \""SCTSPA\"", \""SNOMEDCT_US\""]}"", ""name_cn"": ""功能无显著狭窄"", ""name_en"": ""Functionally_Non-significant_Stenosis""}"
341,1238,,D001.001.001.001.002.003,"['Ontology', 'Disease']","{""ontology_id"": ""D001.001.001.001.002.003"", ""level"": 5, ""parent_id"": ""D001.001.001.001.002"", ""definition"": ""The Non-fatal Myocardial Infarction rate refers to the incidence of myocardial infarction events that do not result in death, typically expressed as the number of non-fatal myocardial infarctions per unit of population over a specified time period. This metric is crucial for understanding the burden of heart disease and the effectiveness of preventive interventions in reducing acute coronary events."", ""label"": ""Non-fatal_Myocardial_Infarction_rate"", ""id"": ""D001.001.001.001.002.003"", ""type"": ""disease"", ""name_cn"": ""非致命性心肌梗死率"", ""name_en"": ""Non-fatal_Myocardial_Infarction_rate""}"
342,1239,,D001.026,"['Ontology', 'Disease']","{""ontology_id"": ""D001.026"", ""umls_definition"": ""One of two arteries that arise from the aortic sinuses of the ascending aorta and supply blood to the myocardium"", ""umls_all_sources"": ""[\""CSP\"", \""FMA\"", \""LCH\"", \""LNC\"", \""MSH\"", \""MSHCZE\"", \""MSHDUT\"", \""MTH\"", \""NCI\"", \""RCD\"", \""SNM\"", \""SNMI\"", \""SNOMEDCT_US\"", \""UWDA\""]"", ""level"": 1, ""umls_cui"": ""C0205042"", ""label"": ""Coronary_Artery"", ""type"": ""disease"", ""umls_score"": 0.9913, ""umls_sources"": ""[\""SNOMEDCT_US\""]"", ""umls_types"": ""[\""T023\""]"", ""parent_id"": ""D001"", ""umls_canonical_name"": ""Coronary artery"", ""definition"": ""The blood vessels that supply the heart muscle with oxygen-rich blood."", ""id"": ""D001.026"", ""umls_mapping_json"": ""{\""cui\"": \""C0205042\"", \""canonical_name\"": \""Coronary artery\"", \""score\"": 0.9913, \""types\"": [\""T023\""], \""definition\"": \""One of two arteries that arise from the aortic sinuses of the ascending aorta and supply blood to the myocardium\"", \""sources\"": [\""SNOMEDCT_US\""], \""all_sources\"": [\""CSP\"", \""FMA\"", \""LCH\"", \""LNC\"", \""MSH\"", \""MSHCZE\"", \""MSHDUT\"", \""MTH\"", \""NCI\"", \""RCD\"", \""SNM\"", \""SNMI\"", \""SNOMEDCT_US\"", \""UWDA\""]}"", ""name_cn"": ""冠状动脉"", ""name_en"": ""Coronary_Artery""}"
343,1240,,D001.001.006.001.014,"['Ontology', 'Disease']","{""ontology_id"": ""D001.001.006.001.014"", ""umls_definition"": ""A localized pathological or traumatic structural change, damage, deformity, or discontinuity of tissue, organ, or body part."", ""umls_all_sources"": ""[\""AOD\"", \""CCPSS\"", \""CHV\"", \""LNC\"", \""MTH\"", \""NCI\"", \""PSY\"", \""RCD\"", \""SCTSPA\"", \""SNM\"", \""SNMI\"", \""SNOMEDCT_US\""]"", ""level"": 4, ""umls_cui"": ""C0221198"", ""label"": ""Lesions_with_Abnormal_FFR_but_Normal_CFR"", ""type"": ""disease"", ""umls_score"": 0.9855, ""umls_sources"": ""[\""SNOMEDCT_US\""]"", ""umls_types"": ""[\""T033\""]"", ""parent_id"": ""D001.001.006.001"", ""umls_canonical_name"": ""Lesion"", ""definition"": ""Coronary lesions showing abnormal fractional flow reserve (FFR) but normal coronary flow reserve (CFR)"", ""id"": ""D001.001.006.001.014"", ""umls_mapping_json"": ""{\""cui\"": \""C0221198\"", \""canonical_name\"": \""Lesion\"", \""score\"": 0.9855, \""types\"": [\""T033\""], \""definition\"": \""A localized pathological or traumatic structural change, damage, deformity, or discontinuity of tissue, organ, or body part.\"", \""sources\"": [\""SNOMEDCT_US\""], \""all_sources\"": [\""AOD\"", \""CCPSS\"", \""CHV\"", \""LNC\"", \""MTH\"", \""NCI\"", \""PSY\"", \""RCD\"", \""SCTSPA\"", \""SNM\"", \""SNMI\"", \""SNOMEDCT_US\""]}"", ""name_cn"": ""FFR异常但CFR正常的病变"", ""name_en"": ""Lesions_with_Abnormal_FFR_but_Normal_CFR""}"
344,1241,,D001.001.006.001.015,"['Ontology', 'Disease']","{""ontology_id"": ""D001.001.006.001.015"", ""level"": 4, ""parent_id"": ""D001.001.006.001"", ""definition"": ""A condition characterized by resistance to blood flow due to hyperaemia and stenosis in the coronary arteries."", ""label"": ""Hyperaemic_Stenosis_Resistance"", ""id"": ""D001.001.006.001.015"", ""type"": ""disease"", ""name_cn"": ""充血性狭窄抵抗"", ""name_en"": ""Hyperaemic_Stenosis_Resistance""}"
345,1242,,D001.001.005.008,"['Ontology', 'Disease']","{""ontology_id"": ""D001.001.005.008"", ""umls_definition"": ""Deranged function in an individual or an organ that is due to a disease. (MedicineNet.com)"", ""umls_all_sources"": ""[\""AOD\"", \""CCPSS\"", \""CSP\"", \""MTH\"", \""NCI\"", \""SCTSPA\"", \""SNM\"", \""SNMI\"", \""SNOMEDCT_US\""]"", ""level"": 3, ""umls_cui"": ""C0277785"", ""label"": ""Microcirculation_Dysfunction"", ""type"": ""disease"", ""umls_score"": 0.9438, ""umls_sources"": ""[\""SNOMEDCT_US\""]"", ""umls_types"": ""[\""T046\""]"", ""parent_id"": ""D001.001.005"", ""umls_canonical_name"": ""Functional disorder"", ""definition"": ""Abnormal function of the microcirculation, often leading to impaired blood flow and tissue perfusion."", ""id"": ""D001.001.005.008"", ""umls_mapping_json"": ""{\""cui\"": \""C0277785\"", \""canonical_name\"": \""Functional disorder\"", \""score\"": 0.9438, \""types\"": [\""T046\""], \""definition\"": \""Deranged function in an individual or an organ that is due to a disease. (MedicineNet.com)\"", \""sources\"": [\""SNOMEDCT_US\""], \""all_sources\"": [\""AOD\"", \""CCPSS\"", \""CSP\"", \""MTH\"", \""NCI\"", \""SCTSPA\"", \""SNM\"", \""SNMI\"", \""SNOMEDCT_US\""]}"", ""name_cn"": ""微循环功能障碍"", ""name_en"": ""Microcirculation_Dysfunction""}"
346,1243,,PC002.002.004.001.001,"['Ontology', 'Disease']","{""ontology_id"": ""PC002.002.004.001.001"", ""umls_definition"": ""A definite pathologic process with a characteristic set of signs and symptoms. It may affect the whole body or any of its parts, and its etiology, pathology, and prognosis may be known or unknown."", ""umls_all_sources"": ""[\""CCPSS\"", \""CHV\"", \""CSP\"", \""ICPC2P\"", \""LCH\"", \""LCH_NW\"", \""LNC\"", \""MSH\"", \""MSHCZE\"", \""MSHDUT\"", \""MTH\"", \""NCI\"", \""RCD\"", \""SNMI\"", \""SNOMEDCT_US\""]"", ""level"": 4, ""umls_cui"": ""C0012634"", ""label"": ""Disease or Complications for Patients with eGFR <30 mL/min/1.73 m2"", ""type"": ""disease"", ""umls_score"": 0.9868, ""umls_sources"": ""[\""SNOMEDCT_US\""]"", ""umls_types"": ""[\""T047\""]"", ""parent_id"": ""PC002.002.004.001"", ""umls_canonical_name"": ""Disease"", ""definition"": ""Diseases or complications that occur in patients with an estimated glomerular filtration rate (eGFR) of less than 30 mL/min/1.73 m2"", ""id"": ""PC002.002.004.001.001"", ""umls_mapping_json"": ""{\""cui\"": \""C0012634\"", \""canonical_name\"": \""Disease\"", \""score\"": 0.9868, \""types\"": [\""T047\""], \""definition\"": \""A definite pathologic process with a characteristic set of signs and symptoms. It may affect the whole body or any of its parts, and its etiology, pathology, and prognosis may be known or unknown.\"", \""sources\"": [\""SNOMEDCT_US\""], \""all_sources\"": [\""CCPSS\"", \""CHV\"", \""CSP\"", \""ICPC2P\"", \""LCH\"", \""LCH_NW\"", \""LNC\"", \""MSH\"", \""MSHCZE\"", \""MSHDUT\"", \""MTH\"", \""NCI\"", \""RCD\"", \""SNMI\"", \""SNOMEDCT_US\""]}"", ""name_cn"": ""eGFR小于30 mL/min/1.73 m2患者的疾病或并发症"", ""name_en"": ""Disease or Complications for Patients with eGFR <30 mL/min/1.73 m2""}"
347,1244,,D001.027,"['Ontology', 'Disease']","{""ontology_id"": ""D001.027"", ""umls_definition"": ""The condition in which reasonable knowledge regarding risks, benefits, or the future is not available."", ""umls_all_sources"": ""[\""CHV\"", \""LCH_NW\"", \""LNC\"", \""MSH\"", \""MSHCZE\"", \""MSHDUT\"", \""MSHFIN\"", \""MSHFRE\"", \""MSHGER\"", \""MTH\"", \""NANDA-I\"", \""NCI\"", \""PSY\"", \""RCD\"", \""SNMI\"", \""SNOMEDCT_US\""]"", ""level"": 1, ""umls_cui"": ""C0087130"", ""label"": ""Uncertain_CCS_Diagnosis"", ""type"": ""disease"", ""umls_score"": 0.9858, ""umls_sources"": ""[\""SNOMEDCT_US\""]"", ""umls_types"": ""[\""T033\""]"", ""parent_id"": ""D001"", ""umls_canonical_name"": ""Uncertainty"", ""definition"": ""A condition where the diagnosis of chronic coronary syndrome (CCS) is not definitively established."", ""id"": ""D001.027"", ""umls_mapping_json"": ""{\""cui\"": \""C0087130\"", \""canonical_name\"": \""Uncertainty\"", \""score\"": 0.9858, \""types\"": [\""T033\""], \""definition\"": \""The condition in which reasonable knowledge regarding risks, benefits, or the future is not available.\"", \""sources\"": [\""SNOMEDCT_US\""], \""all_sources\"": [\""CHV\"", \""LCH_NW\"", \""LNC\"", \""MSH\"", \""MSHCZE\"", \""MSHDUT\"", \""MSHFIN\"", \""MSHFRE\"", \""MSHGER\"", \""MTH\"", \""NANDA-I\"", \""NCI\"", \""PSY\"", \""RCD\"", \""SNMI\"", \""SNOMEDCT_US\""]}"", ""name_cn"": ""不确定的CCS诊断"", ""name_en"": ""Uncertain_CCS_Diagnosis""}"
348,1245,,PC003.005.005.001.002,"['Ontology', 'Disease']","{""ontology_id"": ""PC003.005.005.001.002"", ""level"": 4, ""parent_id"": ""PC003.005.005.001"", ""definition"": ""The probability of having obstructive coronary artery disease, often quantified as a percentage."", ""id"": ""PC003.005.005.001.002"", ""label"": ""Obstructive Coronary Artery Disease Likelihood"", ""type"": ""disease"", ""name_cn"": ""阻塞性冠状动脉疾病可能性"", ""name_en"": ""Obstructive Coronary Artery Disease Likelihood""}"
349,1246,,D001.001.005.009,"['Ontology', 'Disease']","{""ontology_id"": ""D001.001.005.009"", ""umls_definition"": """", ""umls_all_sources"": ""[\""ICD10CM\"", \""MEDCIN\"", \""SCTSPA\"", \""SNOMEDCT_US\""]"", ""level"": 3, ""umls_cui"": ""C3696962"", ""label"": ""Coronary Microvascular Dysfunction"", ""type"": ""disease"", ""umls_score"": 0.9691, ""umls_sources"": ""[\""ICD10CM\"", \""SNOMEDCT_US\""]"", ""umls_types"": ""[\""T047\""]"", ""parent_id"": ""D001.001.005"", ""umls_canonical_name"": ""Coronary microvascular dysfunction"", ""definition"": ""A condition characterized by impaired function of the small blood vessels in the heart, leading to reduced blood flow and ischemia."", ""id"": ""D001.001.005.009"", ""umls_mapping_json"": ""{\""cui\"": \""C3696962\"", \""canonical_name\"": \""Coronary microvascular dysfunction\"", \""score\"": 0.9691, \""types\"": [\""T047\""], \""definition\"": \""\"", \""sources\"": [\""ICD10CM\"", \""SNOMEDCT_US\""], \""all_sources\"": [\""ICD10CM\"", \""MEDCIN\"", \""SCTSPA\"", \""SNOMEDCT_US\""]}"", ""name_cn"": ""冠状动脉微血管功能障碍"", ""name_en"": ""Coronary Microvascular Dysfunction""}"
350,1247,,D001.001.006.001.016,"['Ontology', 'Disease']","{""ontology_id"": ""D001.001.006.001.016"", ""umls_definition"": ""An expandable hollow tube that is advanced into an obstructed or narrow coronary artery to restore blood flow to the heart."", ""umls_all_sources"": ""[\""CHV\"", \""ICPC2P\"", \""MEDCIN\"", \""MTH\"", \""NCI\"", \""SCTSPA\"", \""SNOMEDCT_US\"", \""SPN\"", \""UMD\""]"", ""level"": 4, ""umls_cui"": ""C0687568"", ""label"": ""Coronary_Artery_Stenosis"", ""type"": ""disease"", ""umls_score"": 0.856, ""umls_sources"": ""[\""SNOMEDCT_US\""]"", ""umls_types"": ""[\""T074\""]"", ""parent_id"": ""D001.001.006.001"", ""umls_canonical_name"": ""Coronary artery stent (device)"", ""definition"": ""Narrowing of the coronary artery lumen, typically caused by atherosclerosis, leading to reduced blood flow to the heart muscle."", ""id"": ""D001.001.006.001.016"", ""umls_mapping_json"": ""{\""cui\"": \""C0687568\"", \""canonical_name\"": \""Coronary artery stent (device)\"", \""score\"": 0.856, \""types\"": [\""T074\""], \""definition\"": \""An expandable hollow tube that is advanced into an obstructed or narrow coronary artery to restore blood flow to the heart.\"", \""sources\"": [\""SNOMEDCT_US\""], \""all_sources\"": [\""CHV\"", \""ICPC2P\"", \""MEDCIN\"", \""MTH\"", \""NCI\"", \""SCTSPA\"", \""SNOMEDCT_US\"", \""SPN\"", \""UMD\""]}"", ""name_cn"": ""冠状动脉狭窄"", ""name_en"": ""Coronary_Artery_Stenosis""}"
351,1248,,D001.001.005.010,"['Ontology', 'Disease']","{""ontology_id"": ""D001.001.005.010"", ""umls_definition"": ""<p>Privacy metadata indicating the level of protection required to safeguard personal and healthcare information, which if disclosed without authorization, would present a moderate risk of harm to an individual's reputation and sense of privacy.</p><i>Usage Note:</i>The level of protection afforded moderately confidential information is dictated by privacy policies intended to engender trust in a service provider. May include publicly available information in jurisdictions that restrict uses of that information without the consent of the data subject.<p>Privacy policies mandating moderate levels of protection, which preempt less protective privacy policies. \""Moderate\"" confidentiality policies differ from and would be preempted by the prevailing privacy policies mandating the normative level of protection for information used in the delivery and management of healthcare.</p>Confidentiality code total order hierarchy: Moderate (M) is less protective than<i>V, R, and N*, and subsumes all other protection levels (i.e., *L</i>and *U*).<b>Examples:</b>Includes personal and health information that an individual authorizes to be collected, accessed, used or disclosed to a bank for a health credit card or savings account; to health oversight authorities; to a hospital patient directory; to worker compensation, disability, property and casualty or life insurers; and to personal health record systems, consumer-controlled devices, social media accounts and online Apps; or for marketing purposes"", ""umls_all_sources"": ""[\""CHV\"", \""HL7V3.0\"", \""HPO\"", \""LNC\"", \""MTH\"", \""RCD\"", \""SCTSPA\"", \""SNMI\"", \""SNOMEDCT_US\""]"", ""level"": 3, ""umls_cui"": ""C0205081"", ""label"": ""Moderate_Severe_Ischemia"", ""type"": ""disease"", ""umls_score"": 0.9829, ""umls_sources"": ""[\""SNOMEDCT_US\""]"", ""umls_types"": ""[\""T080\""]"", ""parent_id"": ""D001.001.005"", ""umls_canonical_name"": ""Moderate (severity modifier)"", ""definition"": ""A condition characterized by moderate to severe myocardial ischemia detected through non-invasive testing."", ""id"": ""D001.001.005.010"", ""umls_mapping_json"": ""{\""cui\"": \""C0205081\"", \""canonical_name\"": \""Moderate (severity modifier)\"", \""score\"": 0.9829, \""types\"": [\""T080\""], \""definition\"": \""<p>Privacy metadata indicating the level of protection required to safeguard personal and healthcare information, which if disclosed without authorization, would present a moderate risk of harm to an individual's reputation and sense of privacy.</p><i>Usage Note:</i>The level of protection afforded moderately confidential information is dictated by privacy policies intended to engender trust in a service provider. May include publicly available information in jurisdictions that restrict uses of that information without the consent of the data subject.<p>Privacy policies mandating moderate levels of protection, which preempt less protective privacy policies. \\\""Moderate\\\"" confidentiality policies differ from and would be preempted by the prevailing privacy policies mandating the normative level of protection for information used in the delivery and management of healthcare.</p>Confidentiality code total order hierarchy: Moderate (M) is less protective than<i>V, R, and N*, and subsumes all other protection levels (i.e., *L</i>and *U*).<b>Examples:</b>Includes personal and health information that an individual authorizes to be collected, accessed, used or disclosed to a bank for a health credit card or savings account; to health oversight authorities; to a hospital patient directory; to worker compensation, disability, property and casualty or life insurers; and to personal health record systems, consumer-controlled devices, social media accounts and online Apps; or for marketing purposes\"", \""sources\"": [\""SNOMEDCT_US\""], \""all_sources\"": [\""CHV\"", \""HL7V3.0\"", \""HPO\"", \""LNC\"", \""MTH\"", \""RCD\"", \""SCTSPA\"", \""SNMI\"", \""SNOMEDCT_US\""]}"", ""name_cn"": ""中重度缺血"", ""name_en"": ""Moderate_Severe_Ischemia""}"
352,1249,,PC002.002.004.003,"['Ontology', 'Disease']","{""ontology_id"": ""PC002.002.004.003"", ""umls_definition"": ""Pre-renal acute kidney injury (AKI), occurs when a sudden reduction in blood flow to the kidney (renal hypoperfusion) causes a loss of kidney function. In pre-renal acute kidney injury, there is nothing wrong with the kidney itself."", ""umls_all_sources"": ""[\""MEDCIN\"", \""MTH\"", \""SCTSPA\"", \""SNOMEDCT_US\""]"", ""level"": 3, ""umls_cui"": ""C3854173"", ""label"": ""Renal Failure"", ""type"": ""disease"", ""umls_score"": 0.8535, ""umls_sources"": ""[\""SNOMEDCT_US\""]"", ""umls_types"": ""[\""T047\""]"", ""parent_id"": ""PC002.002.004"", ""umls_canonical_name"": ""Pre-renal acute kidney injury"", ""definition"": ""A condition in which the kidneys lose the ability to remove waste and balance fluids."", ""id"": ""PC002.002.004.003"", ""umls_mapping_json"": ""{\""cui\"": \""C3854173\"", \""canonical_name\"": \""Pre-renal acute kidney injury\"", \""score\"": 0.8535, \""types\"": [\""T047\""], \""definition\"": \""Pre-renal acute kidney injury (AKI), occurs when a sudden reduction in blood flow to the kidney (renal hypoperfusion) causes a loss of kidney function. In pre-renal acute kidney injury, there is nothing wrong with the kidney itself.\"", \""sources\"": [\""SNOMEDCT_US\""], \""all_sources\"": [\""MEDCIN\"", \""MTH\"", \""SCTSPA\"", \""SNOMEDCT_US\""]}"", ""name_cn"": ""肾功能衰竭"", ""name_en"": ""Renal Failure""}"
353,1250,,D001.001.006.001.017,"['Ontology', 'Disease']","{""ontology_id"": ""D001.001.006.001.017"", ""umls_definition"": ""An expandable hollow tube that is advanced into an obstructed or narrow coronary artery to restore blood flow to the heart."", ""umls_all_sources"": ""[\""CHV\"", \""ICPC2P\"", \""MEDCIN\"", \""MTH\"", \""NCI\"", \""SCTSPA\"", \""SNOMEDCT_US\"", \""SPN\"", \""UMD\""]"", ""level"": 4, ""umls_cui"": ""C0687568"", ""label"": ""Coronary Artery Stenosis >70%"", ""type"": ""disease"", ""umls_score"": 0.856, ""umls_sources"": ""[\""SNOMEDCT_US\""]"", ""umls_types"": ""[\""T074\""]"", ""parent_id"": ""D001.001.006.001"", ""umls_canonical_name"": ""Coronary artery stent (device)"", ""definition"": ""A condition where the coronary artery lumen is narrowed by more than 70%, as visualized by imaging techniques such as CCTA."", ""id"": ""D001.001.006.001.017"", ""umls_mapping_json"": ""{\""cui\"": \""C0687568\"", \""canonical_name\"": \""Coronary artery stent (device)\"", \""score\"": 0.856, \""types\"": [\""T074\""], \""definition\"": \""An expandable hollow tube that is advanced into an obstructed or narrow coronary artery to restore blood flow to the heart.\"", \""sources\"": [\""SNOMEDCT_US\""], \""all_sources\"": [\""CHV\"", \""ICPC2P\"", \""MEDCIN\"", \""MTH\"", \""NCI\"", \""SCTSPA\"", \""SNOMEDCT_US\"", \""SPN\"", \""UMD\""]}"", ""name_cn"": ""冠状动脉狭窄>70%"", ""name_en"": ""Coronary Artery Stenosis >70%""}"
354,1251,,D001.001.006.001.018,"['Ontology', 'Disease']","{""ontology_id"": ""D001.001.006.001.018"", ""level"": 4, ""parent_id"": ""D001.001.006.001"", ""definition"": ""A type of coronary artery plaque characterized by low attenuation on CCTA imaging, indicating potential lipid-rich or necrotic content."", ""label"": ""Low-attenuation plaque"", ""id"": ""D001.001.006.001.018"", ""type"": ""disease"", ""name_cn"": ""低衰减斑块"", ""name_en"": ""Low-attenuation plaque""}"
355,1252,,D001.016.004,"['Ontology', 'Disease']","{""ontology_id"": ""D001.016.004"", ""umls_definition"": ""Situated nearest to a point of attachment or origin."", ""umls_all_sources"": ""[\""CHV\"", \""HL7V2.5\"", \""HPO\"", \""MTH\"", \""NCI\"", \""RCD\"", \""SCTSPA\"", \""SNMI\"", \""SNOMEDCT_US\"", \""UWDA\""]"", ""level"": 2, ""umls_cui"": ""C0205107"", ""label"": ""Proximal_lesion"", ""type"": ""disease"", ""umls_score"": 0.9636, ""umls_sources"": ""[\""SNOMEDCT_US\""]"", ""umls_types"": ""[\""T082\""]"", ""parent_id"": ""D001.016"", ""umls_canonical_name"": ""Proximal"", ""definition"": ""Lesions located more proximally in the coronary artery"", ""id"": ""D001.016.004"", ""umls_mapping_json"": ""{\""cui\"": \""C0205107\"", \""canonical_name\"": \""Proximal\"", \""score\"": 0.9636, \""types\"": [\""T082\""], \""definition\"": \""Situated nearest to a point of attachment or origin.\"", \""sources\"": [\""SNOMEDCT_US\""], \""all_sources\"": [\""CHV\"", \""HL7V2.5\"", \""HPO\"", \""MTH\"", \""NCI\"", \""RCD\"", \""SCTSPA\"", \""SNMI\"", \""SNOMEDCT_US\"", \""UWDA\""]}"", ""name_cn"": ""近端病变"", ""name_en"": ""Proximal_lesion""}"
356,1253,,D001.001.005.011,"['Ontology', 'Disease']","{""ontology_id"": ""D001.001.005.011"", ""umls_definition"": ""Deviating in any way from the state, position, structure, condition, behavior, or rule which is considered a norm."", ""umls_all_sources"": ""[\""CCPSS\"", \""CHV\"", \""LNC\"", \""MTH\"", \""NCI\"", \""RCD\"", \""SCTSPA\"", \""SNMI\"", \""SNOMEDCT_US\""]"", ""level"": 3, ""umls_cui"": ""C0205161"", ""label"": ""Abnormal_Vasoconstriction_of_Coronary_Arterioles"", ""type"": ""disease"", ""umls_score"": 0.9744, ""umls_sources"": ""[\""SNOMEDCT_US\""]"", ""umls_types"": ""[\""T033\""]"", ""parent_id"": ""D001.001.005"", ""umls_canonical_name"": ""Abnormal"", ""definition"": ""A condition characterized by abnormal narrowing of the coronary arterioles, leading to dynamic obstruction and potentially causing microvascular angina."", ""id"": ""D001.001.005.011"", ""umls_mapping_json"": ""{\""cui\"": \""C0205161\"", \""canonical_name\"": \""Abnormal\"", \""score\"": 0.9744, \""types\"": [\""T033\""], \""definition\"": \""Deviating in any way from the state, position, structure, condition, behavior, or rule which is considered a norm.\"", \""sources\"": [\""SNOMEDCT_US\""], \""all_sources\"": [\""CCPSS\"", \""CHV\"", \""LNC\"", \""MTH\"", \""NCI\"", \""RCD\"", \""SCTSPA\"", \""SNMI\"", \""SNOMEDCT_US\""]}"", ""name_cn"": ""冠状动脉小动脉异常收缩"", ""name_en"": ""Abnormal_Vasoconstriction_of_Coronary_Arterioles""}"
357,1254,,D001.010.001,"['Ontology', 'Disease']","{""ontology_id"": ""D001.010.001"", ""umls_definition"": ""A rash associated with systemic lupus erythematosus."", ""umls_all_sources"": ""[\""CST\"", \""MDR\"", \""MDRARA\"", \""MDRCZE\"", \""MDRDUT\"", \""MEDCIN\"", \""MTH\"", \""NCI\"", \""SNMI\"", \""SNOMEDCT_US\""]"", ""level"": 2, ""umls_cui"": ""C0521471"", ""label"": ""Systemic Lupus Erythematosus"", ""type"": ""disease"", ""umls_score"": 0.8868, ""umls_sources"": ""[\""SNOMEDCT_US\""]"", ""umls_types"": ""[\""T047\""]"", ""parent_id"": ""D001.010"", ""umls_canonical_name"": ""Systemic lupus erythematosus rash"", ""definition"": ""An autoimmune disease that can affect various parts of the body, including the skin, joints, kidneys, and brain."", ""id"": ""D001.010.001"", ""umls_mapping_json"": ""{\""cui\"": \""C0521471\"", \""canonical_name\"": \""Systemic lupus erythematosus rash\"", \""score\"": 0.8868, \""types\"": [\""T047\""], \""definition\"": \""A rash associated with systemic lupus erythematosus.\"", \""sources\"": [\""SNOMEDCT_US\""], \""all_sources\"": [\""CST\"", \""MDR\"", \""MDRARA\"", \""MDRCZE\"", \""MDRDUT\"", \""MEDCIN\"", \""MTH\"", \""NCI\"", \""SNMI\"", \""SNOMEDCT_US\""]}"", ""name_cn"": ""系统性红斑狼疮"", ""name_en"": ""Systemic Lupus Erythematosus""}"
358,1255,,D001.010.002,"['Ontology', 'Disease']","{""ontology_id"": ""D001.010.002"", ""level"": 2, ""parent_id"": ""D001.010"", ""definition"": ""A chronic inflammatory disorder affecting many joints, including those in the hands and feet."", ""label"": ""Rheumatoid_Arthritis"", ""id"": ""D001.010.002"", ""type"": ""disease"", ""name_cn"": ""类风湿性关节炎"", ""name_en"": ""Rheumatoid_Arthritis""}"
359,1256,,D001.001.004.008,"['Ontology', 'Disease']","{""ontology_id"": ""D001.001.004.008"", ""level"": 3, ""parent_id"": ""D001.001.004"", ""definition"": ""A disorder characterized by abnormal constriction or dilation of the coronary arteries, leading to impaired blood flow to the heart muscle."", ""label"": ""Coronary_Vasomotor_Disorders"", ""id"": ""D001.001.004.008"", ""type"": ""disease"", ""name_cn"": ""冠状动脉血管运动障碍"", ""name_en"": ""Coronary_Vasomotor_Disorders""}"
360,1257,,D001.001.022,"['Ontology', 'Disease']","{""ontology_id"": ""D001.001.022"", ""level"": 2, ""parent_id"": ""D001.001"", ""definition"": ""A disorder of vasomotor tone regulation dependent on endothelial function, often associated with coronary microvascular dysfunction (CMD) and epicardial vasomotor abnormalities."", ""label"": ""Endothelium-Dependent Vasomotor Tone Disorder"", ""id"": ""D001.001.022"", ""type"": ""disease"", ""name_cn"": ""内皮依赖性血管舒缩功能障碍"", ""name_en"": ""Endothelium-Dependent Vasomotor Tone Disorder""}"
361,1258,,D001.021.001,"['Ontology', 'Disease']","{""ontology_id"": ""D001.021.001"", ""umls_definition"": ""Having a severe and rapid onset of symptoms with short duration."", ""umls_all_sources"": ""[\""CCPSS\"", \""CHV\"", \""DXP\"", \""HPO\"", \""LNC\"", \""MTH\"", \""NCI\"", \""RCD\"", \""SCTSPA\"", \""SNMI\"", \""SNOMEDCT_US\""]"", ""level"": 2, ""umls_cui"": ""C0205178"", ""label"": ""Acute_and_Chronic_Heart_Failure"", ""type"": ""disease"", ""umls_score"": 0.988, ""umls_sources"": ""[\""SNOMEDCT_US\""]"", ""umls_types"": ""[\""T079\""]"", ""parent_id"": ""D001.021"", ""umls_canonical_name"": ""acute"", ""definition"": ""A condition characterized by the heart's inability to pump blood effectively, which can occur suddenly (acute) or develop over time (chronic)."", ""id"": ""D001.021.001"", ""umls_mapping_json"": ""{\""cui\"": \""C0205178\"", \""canonical_name\"": \""acute\"", \""score\"": 0.988, \""types\"": [\""T079\""], \""definition\"": \""Having a severe and rapid onset of symptoms with short duration.\"", \""sources\"": [\""SNOMEDCT_US\""], \""all_sources\"": [\""CCPSS\"", \""CHV\"", \""DXP\"", \""HPO\"", \""LNC\"", \""MTH\"", \""NCI\"", \""RCD\"", \""SCTSPA\"", \""SNMI\"", \""SNOMEDCT_US\""]}"", ""name_cn"": ""急性和慢性心力衰竭"", ""name_en"": ""Acute_and_Chronic_Heart_Failure""}"
362,1259,,D001.021.001.001,"['Ontology', 'Disease']","{""ontology_id"": ""D001.021.001.001"", ""umls_definition"": ""Failure of proper functioning of the right ventricle, with venous engorgement, hepatic enlargement, and subcutaneous edema."", ""level"": 3, ""umls_cui"": ""C2939447"", ""label"": ""Heart Failure with Preserved Ejection Fraction"", ""type"": ""disease"", ""umls_score"": 0.8648, ""umls_types"": ""[\""T047\""]"", ""parent_id"": ""D001.021.001"", ""definition"": ""A type of heart failure where the left ventricular ejection fraction is preserved (typically ≥50%), but the heart is unable to pump sufficient blood to meet the body's needs."", ""umls_canonical_name"": ""Right ventricular failure"", ""id"": ""D001.021.001.001"", ""umls_mapping_json"": ""{\""cui\"": \""C2939447\"", \""canonical_name\"": \""Right ventricular failure\"", \""score\"": 0.8648, \""types\"": [\""T047\""], \""definition\"": \""Failure of proper functioning of the right ventricle, with venous engorgement, hepatic enlargement, and subcutaneous edema.\""}"", ""name_cn"": ""射血分数保留的心力衰竭"", ""name_en"": ""Heart Failure with Preserved Ejection Fraction""}"
363,1260,,D001.001.007.004,"['Ontology', 'Disease']","{""ontology_id"": ""D001.001.007.004"", ""umls_definition"": ""Impairment in the filling of the ventricles during diastole. Causes include hypertrophic and restrictive cardiomyopathies, coronary artery disease, chronic high blood pressure, aortic stenosis, and aging."", ""umls_all_sources"": ""[\""CCPSS\"", \""CHV\"", \""MDR\"", \""MDRARA\"", \""MDRCZE\"", \""MDRDUT\"", \""MDREST\"", \""MDRFIN\"", \""MDRFRE\"", \""MDRGER\"", \""MEDCIN\"", \""NCI\"", \""OMIM\"", \""SNMI\"", \""SNOMEDCT_US\"", \""SNOMEDCT_VET\""]"", ""level"": 3, ""umls_cui"": ""C0520863"", ""label"": ""Diastolic_Dysfunction"", ""type"": ""disease"", ""umls_score"": 0.957, ""umls_sources"": ""[\""SNOMEDCT_US\""]"", ""umls_types"": ""[\""T046\""]"", ""parent_id"": ""D001.001.007"", ""umls_canonical_name"": ""Diastolic dysfunction"", ""definition"": ""A condition where the heart's ventricles do not relax properly during the diastolic phase, leading to impaired filling."", ""id"": ""D001.001.007.004"", ""umls_mapping_json"": ""{\""cui\"": \""C0520863\"", \""canonical_name\"": \""Diastolic dysfunction\"", \""score\"": 0.957, \""types\"": [\""T046\""], \""definition\"": \""Impairment in the filling of the ventricles during diastole. Causes include hypertrophic and restrictive cardiomyopathies, coronary artery disease, chronic high blood pressure, aortic stenosis, and aging.\"", \""sources\"": [\""SNOMEDCT_US\""], \""all_sources\"": [\""CCPSS\"", \""CHV\"", \""MDR\"", \""MDRARA\"", \""MDRCZE\"", \""MDRDUT\"", \""MDREST\"", \""MDRFIN\"", \""MDRFRE\"", \""MDRGER\"", \""MEDCIN\"", \""NCI\"", \""OMIM\"", \""SNMI\"", \""SNOMEDCT_US\"", \""SNOMEDCT_VET\""]}"", ""name_cn"": ""舒张功能障碍"", ""name_en"": ""Diastolic_Dysfunction""}"
364,1261,,D001.021.001.002,"['Ontology', 'Disease']","{""ontology_id"": ""D001.021.001.002"", ""umls_definition"": ""Failure of proper functioning of the right ventricle, with venous engorgement, hepatic enlargement, and subcutaneous edema."", ""level"": 3, ""umls_cui"": ""C2939447"", ""label"": ""Heart_Failure_with_Severe_LV_Systolic_Dysfunction"", ""type"": ""disease"", ""umls_score"": 0.8648, ""umls_types"": ""[\""T047\""]"", ""parent_id"": ""D001.021.001"", ""definition"": ""A condition characterized by heart failure in patients with severe left ventricular systolic dysfunction (LVEF ≤ 35%)."", ""umls_canonical_name"": ""Right ventricular failure"", ""id"": ""D001.021.001.002"", ""umls_mapping_json"": ""{\""cui\"": \""C2939447\"", \""canonical_name\"": \""Right ventricular failure\"", \""score\"": 0.8648, \""types\"": [\""T047\""], \""definition\"": \""Failure of proper functioning of the right ventricle, with venous engorgement, hepatic enlargement, and subcutaneous edema.\""}"", ""name_cn"": ""严重左心室收缩功能障碍性心力衰竭"", ""name_en"": ""Heart_Failure_with_Severe_LV_Systolic_Dysfunction""}"
365,1262,,D001.021.001.002.001,"['Ontology', 'Disease']","{""ontology_id"": ""D001.021.001.002.001"", ""level"": 4, ""parent_id"": ""D001.021.001.002"", ""definition"": ""Adverse events related to heart failure in patients with HFrEF (heart failure with reduced ejection fraction)."", ""id"": ""D001.021.001.002.001"", ""label"": ""Heart failure-related events in HFrEF"", ""type"": ""disease"", ""name_cn"": ""HFrEF患者的心力衰竭相关事件"", ""name_en"": ""Heart failure-related events in HFrEF""}"
366,1263,,D001.021.001.003,"['Ontology', 'Disease']","{""ontology_id"": ""D001.021.001.003"", ""level"": 3, ""parent_id"": ""D001.021.001"", ""definition"": ""Heart failure with preserved ejection fraction as defined by the 2021 ESC Guidelines for the diagnosis and treatment of acute and chronic heart failure"", ""label"": ""HFpEF"", ""id"": ""D001.021.001.003"", ""type"": ""disease"", ""name_cn"": ""射血分数保留的心力衰竭"", ""name_en"": ""HFpEF""}"
367,1264,,D001.001.013.003.001,"['Ontology', 'Disease']","{""ontology_id"": ""D001.001.013.003.001"", ""level"": 4, ""parent_id"": ""D001.001.013.003"", ""definition"": ""A type of coronary artery disease characterized by epicardial obstruction leading to myocardial ischemia."", ""id"": ""D001.001.013.003.001"", ""label"": ""Epicardial Obstructive Coronary Artery Disease"", ""type"": ""disease"", ""name_cn"": ""心外膜阻塞性冠状动脉疾病"", ""name_en"": ""Epicardial Obstructive Coronary Artery Disease""}"
368,1265,,D001.001.005.012,"['Ontology', 'Disease']","{""ontology_id"": ""D001.001.005.012"", ""level"": 3, ""parent_id"": ""D001.001.005"", ""definition"": ""Different subtypes of angina with no obstructive coronary artery disease (ANOCA) or ischemia with no obstructive coronary artery disease (INOCA)."", ""label"": ""ANOCA/INOCA Endotypes"", ""id"": ""D001.001.005.012"", ""type"": ""disease"", ""name_cn"": ""ANOCA/INOCA内型"", ""name_en"": ""ANOCA/INOCA Endotypes""}"
369,1266,,D001.028,"['Ontology', 'Disease']","{""ontology_id"": ""D001.028"", ""umls_definition"": ""A standardized rating scale developed by Jones et al in 2009, which is a self-administered instrument used to measure the health status of patients with COPD. This instrument contains 8 items; each item is scored on a scale from 0 to 5."", ""umls_all_sources"": ""[\""MTH\"", \""NCI\"", \""SCTSPA\"", \""SNOMEDCT_US\""]"", ""level"": 1, ""umls_cui"": ""C4758039"", ""label"": ""Chronic_Obstructive_Pulmonary_Disease"", ""type"": ""disease"", ""umls_score"": 0.8272, ""umls_sources"": ""[\""SNOMEDCT_US\""]"", ""umls_types"": ""[\""T060\""]"", ""parent_id"": ""D001"", ""umls_canonical_name"": ""Chronic Obstructive Pulmonary Disease Assessment Test"", ""definition"": ""A type of obstructive lung disease characterized by long-term breathing problems and poor airflow."", ""id"": ""D001.028"", ""umls_mapping_json"": ""{\""cui\"": \""C4758039\"", \""canonical_name\"": \""Chronic Obstructive Pulmonary Disease Assessment Test\"", \""score\"": 0.8272, \""types\"": [\""T060\""], \""definition\"": \""A standardized rating scale developed by Jones et al in 2009, which is a self-administered instrument used to measure the health status of patients with COPD. This instrument contains 8 items; each item is scored on a scale from 0 to 5.\"", \""sources\"": [\""SNOMEDCT_US\""], \""all_sources\"": [\""MTH\"", \""NCI\"", \""SCTSPA\"", \""SNOMEDCT_US\""]}"", ""name_cn"": ""慢性阻塞性肺疾病"", ""name_en"": ""Chronic_Obstructive_Pulmonary_Disease""}"
370,1267,,D001.007.004,"['Ontology', 'Disease']","{""ontology_id"": ""D001.007.004"", ""umls_definition"": ""Thickening and loss of elasticity of the walls of ARTERIES of all sizes. There are many forms classified by the types of lesions and arteries involved, such as ATHEROSCLEROSIS with fatty lesions in the ARTERIAL INTIMA of medium and large muscular arteries."", ""umls_all_sources"": ""[\""HPO\"", \""ICPC2P\"", \""LCH\"", \""LCH_NW\"", \""MDR\"", \""MDRARA\"", \""MDRCZE\"", \""MDRDUT\"", \""MEDLINEPLUS\"", \""MSH\"", \""MSHCZE\"", \""MSHDUT\"", \""NCI\"", \""OMIM\"", \""PSY\"", \""RCD\"", \""SNM\"", \""SNOMEDCT_US\""]"", ""level"": 2, ""umls_cui"": ""C0003850"", ""label"": ""Extracoronary_Atherosclerosis"", ""type"": ""disease"", ""umls_score"": 0.9951, ""umls_sources"": ""[\""SNOMEDCT_US\""]"", ""umls_types"": ""[\""T047\""]"", ""parent_id"": ""D001.007"", ""umls_canonical_name"": ""Arteriosclerosis"", ""definition"": ""Atherosclerosis occurring outside the coronary arteries, often assessed via carotid ultrasound."", ""id"": ""D001.007.004"", ""umls_mapping_json"": ""{\""cui\"": \""C0003850\"", \""canonical_name\"": \""Arteriosclerosis\"", \""score\"": 0.9951, \""types\"": [\""T047\""], \""definition\"": \""Thickening and loss of elasticity of the walls of ARTERIES of all sizes. There are many forms classified by the types of lesions and arteries involved, such as ATHEROSCLEROSIS with fatty lesions in the ARTERIAL INTIMA of medium and large muscular arteries.\"", \""sources\"": [\""SNOMEDCT_US\""], \""all_sources\"": [\""HPO\"", \""ICPC2P\"", \""LCH\"", \""LCH_NW\"", \""MDR\"", \""MDRARA\"", \""MDRCZE\"", \""MDRDUT\"", \""MEDLINEPLUS\"", \""MSH\"", \""MSHCZE\"", \""MSHDUT\"", \""NCI\"", \""OMIM\"", \""PSY\"", \""RCD\"", \""SNM\"", \""SNOMEDCT_US\""]}"", ""name_cn"": ""冠状动脉外动脉粥样硬化"", ""name_en"": ""Extracoronary_Atherosclerosis""}"
371,1600,underlying ischemia,TEMP_diseases_1600,"['Disease', 'Knowledge']","{""ontology_id"": ""TEMP_diseases_1600"", ""name"": ""underlying ischemia""}"
372,1604,ischemia,D001.001.003,"['Disease', 'Knowledge']","{""ontology_id"": ""D001.001.003"", ""name"": ""ischemia""}"
373,1607,myocardial injury/ischemia,TEMP_diseases_7431,"['Disease', 'Knowledge']","{""ontology_id"": ""TEMP_diseases_7431"", ""name"": ""myocardial injury/ischemia""}"
374,1610,anterior myocardial infarction,D001.001.001.001,"['Disease', 'Knowledge']","{""ontology_id"": ""D001.001.001.001"", ""name"": ""anterior myocardial infarction""}"
375,1611,occlusion of the left anterior descending coronary artery,TEMP_diseases_1611,"['Disease', 'Knowledge']","{""ontology_id"": ""TEMP_diseases_1611"", ""name"": ""occlusion of the left anterior descending coronary artery""}"
376,1612,myocardium at risk,TEMP_diseases_1612,"['Disease', 'Knowledge']","{""ontology_id"": ""TEMP_diseases_1612"", ""name"": ""myocardium at risk""}"
377,1616,amount of jeopardized myocardium,TEMP_diseases_1612,"['Disease', 'Knowledge']","{""ontology_id"": ""TEMP_diseases_1612"", ""name"": ""amount of jeopardized myocardium""}"
378,1620,anterior wall myocardial infarction,D001.001.001.001,"['Disease', 'Knowledge']","{""ontology_id"": ""D001.001.001.001"", ""name"": ""anterior wall myocardial infarction""}"
379,1622,proximal lesion in the left anterior descending coronary artery,D001.016.001,"['Disease', 'Knowledge']","{""ontology_id"": ""D001.016.001"", ""name"": ""proximal lesion in the left anterior descending coronary artery""}"
380,1626,inferior wall myocardial infarction,TEMP_diseases_1626,"['Disease', 'Knowledge']","{""ontology_id"": ""TEMP_diseases_1626"", ""name"": ""inferior wall myocardial infarction""}"
381,1628,inferior wall myocardial infarction due to occlusion of the right coronary artery,TEMP_diseases_1628,"['Disease', 'Knowledge']","{""ontology_id"": ""TEMP_diseases_1628"", ""name"": ""inferior wall myocardial infarction due to occlusion of the right coronary artery""}"
382,1631,inferior wall myocardial infarction associated with occlusion of the circumflex coronary artery,TEMP_diseases_1631,"['Disease', 'Knowledge']","{""ontology_id"": ""TEMP_diseases_1631"", ""name"": ""inferior wall myocardial infarction associated with occlusion of the circumflex coronary artery""}"
383,1633,posterior myocardial infarction,TEMP_diseases_1633,"['Disease', 'Knowledge']","{""ontology_id"": ""TEMP_diseases_1633"", ""name"": ""posterior myocardial infarction""}"
384,1639,circumflex coronary artery occlusion,TEMP_diseases_1639,"['Disease', 'Knowledge']","{""ontology_id"": ""TEMP_diseases_1639"", ""name"": ""circumflex coronary artery occlusion""}"
385,1641,right ventricular infarction,TEMP_diseases_1641,"['Disease', 'Knowledge']","{""ontology_id"": ""TEMP_diseases_1641"", ""name"": ""right ventricular infarction""}"
386,1645,posterior wall myocardial infarction,TEMP_diseases_1633,"['Disease', 'Knowledge']","{""ontology_id"": ""TEMP_diseases_1633"", ""name"": ""posterior wall myocardial infarction""}"
387,1647,posterior wall involvement,TEMP_diseases_1633,"['Disease', 'Knowledge']","{""ontology_id"": ""TEMP_diseases_1633"", ""name"": ""posterior wall involvement""}"
388,1649,diffuse ischemia of the left ventricle,D001.001.007,"['Disease', 'Knowledge']","{""ontology_id"": ""D001.001.007"", ""name"": ""diffuse ischemia of the left ventricle""}"
389,1651,occlusion of the left main coronary artery,TEMP_diseases_1651,"['Disease', 'Knowledge']","{""ontology_id"": ""TEMP_diseases_1651"", ""name"": ""occlusion of the left main coronary artery""}"
390,1652,left main occlusion/ischemia,TEMP_diseases_1651,"['Disease', 'Knowledge']","{""ontology_id"": ""TEMP_diseases_1651"", ""name"": ""left main occlusion/ischemia""}"
391,1653,occlusion of the left main artery,TEMP_diseases_1651,"['Disease', 'Knowledge']","{""ontology_id"": ""TEMP_diseases_1651"", ""name"": ""occlusion of the left main artery""}"
392,1655,myocardial ischemia/infarction,TEMP_diseases_7431,"['Disease', 'Knowledge']","{""ontology_id"": ""TEMP_diseases_7431"", ""name"": ""myocardial ischemia/infarction""}"
393,1660,remote anterior myocardial infarction,D001.001.001.001,"['Disease', 'Knowledge']","{""ontology_id"": ""D001.001.001.001"", ""name"": ""remote anterior myocardial infarction""}"
394,1665,old infarction,TEMP_diseases_1665,"['Disease', 'Knowledge']","{""ontology_id"": ""TEMP_diseases_1665"", ""name"": ""old infarction""}"
395,1666,complete coronary artery occlusion,PC003.005.005.001,"['Disease', 'Knowledge']","{""ontology_id"": ""PC003.005.005.001"", ""name"": ""complete coronary artery occlusion""}"
396,1670,right ventricle involvement,TEMP_diseases_1670,"['Disease', 'Knowledge']","{""ontology_id"": ""TEMP_diseases_1670"", ""name"": ""right ventricle involvement""}"
397,1675,lateral wall involvement,TEMP_diseases_1675,"['Disease', 'Knowledge']","{""ontology_id"": ""TEMP_diseases_1675"", ""name"": ""lateral wall involvement""}"
398,1676,right coronary artery involvement,TEMP_diseases_1676,"['Disease', 'Knowledge']","{""ontology_id"": ""TEMP_diseases_1676"", ""name"": ""right coronary artery involvement""}"
399,1678,circumflex artery involvement,TEMP_diseases_1678,"['Disease', 'Knowledge']","{""ontology_id"": ""TEMP_diseases_1678"", ""name"": ""circumflex artery involvement""}"
400,1679,lateral wall myocardial infarction,TEMP_diseases_1679,"['Disease', 'Knowledge']","{""ontology_id"": ""TEMP_diseases_1679"", ""name"": ""lateral wall myocardial infarction""}"
401,1682,proximal lesion,TEMP_diseases_4036,"['Disease', 'Knowledge']","{""ontology_id"": ""TEMP_diseases_4036"", ""name"": ""proximal lesion""}"
402,1686,left main coronary artery involvement,TEMP_diseases_1651,"['Disease', 'Knowledge']","{""ontology_id"": ""TEMP_diseases_1651"", ""name"": ""left main coronary artery involvement""}"
403,1688,widespread myocardial ischemia,TEMP_diseases_7431,"['Disease', 'Knowledge']","{""ontology_id"": ""TEMP_diseases_7431"", ""name"": ""widespread myocardial ischemia""}"
404,1689,ST elevation myocardial infarction (STEMI),D001.001.001.001.001,"['Disease', 'Knowledge']","{""ontology_id"": ""D001.001.001.001.001"", ""name"": ""ST elevation myocardial infarction (STEMI)""}"
405,1693,occlusion in the right coronary artery,TEMP_diseases_1693,"['Disease', 'Knowledge']","{""ontology_id"": ""TEMP_diseases_1693"", ""name"": ""occlusion in the right coronary artery""}"
406,1696,lateral infarction,TEMP_diseases_1679,"['Disease', 'Knowledge']","{""ontology_id"": ""TEMP_diseases_1679"", ""name"": ""lateral infarction""}"
407,1699,right coronary artery occlusion,TEMP_diseases_1693,"['Disease', 'Knowledge']","{""ontology_id"": ""TEMP_diseases_1693"", ""name"": ""right coronary artery occlusion""}"
408,1701,myocardial injury,TEMP_diseases_7431,"['Disease', 'Knowledge']","{""ontology_id"": ""TEMP_diseases_7431"", ""name"": ""myocardial injury""}"
409,1704,myocardial ischemia,D001.001.003,"['Disease', 'Knowledge']","{""ontology_id"": ""D001.001.003"", ""name"": ""myocardial ischemia""}"
410,1705,myocardial infarction,D001.001.001.001,"['Disease', 'Knowledge']","{""ontology_id"": ""D001.001.001.001"", ""name"": ""myocardial infarction""}"
411,1706,myocardial ischemia or myocardial infarction,TEMP_diseases_7431,"['Disease', 'Knowledge']","{""ontology_id"": ""TEMP_diseases_7431"", ""name"": ""myocardial ischemia or myocardial infarction""}"
412,1713,infarction phase,TEMP_diseases_1713,"['Disease', 'Knowledge']","{""ontology_id"": ""TEMP_diseases_1713"", ""name"": ""infarction phase""}"
413,1714,irreversible damage,TEMP_diseases_1714,"['Disease', 'Knowledge']","{""ontology_id"": ""TEMP_diseases_1714"", ""name"": ""irreversible damage""}"
414,1727,ischemia/infarction,TEMP_diseases_7431,"['Disease', 'Knowledge']","{""ontology_id"": ""TEMP_diseases_7431"", ""name"": ""ischemia/infarction""}"
415,1730,site of occlusion,TEMP_diseases_1730,"['Disease', 'Knowledge']","{""ontology_id"": ""TEMP_diseases_1730"", ""name"": ""site of occlusion""}"
416,1733,pericarditis,TEMP_diseases_7206,"['Disease', 'Knowledge']","{""ontology_id"": ""TEMP_diseases_7206"", ""name"": ""pericarditis""}"
417,1736,complete occlusion,TEMP_diseases_1736,"['Disease', 'Knowledge']","{""ontology_id"": ""TEMP_diseases_1736"", ""name"": ""complete occlusion""}"
418,1737,non-STEMI myocardial infarction,D001.001.001.001.002.001,"['Disease', 'Knowledge']","{""ontology_id"": ""D001.001.001.001.002.001"", ""name"": ""non-STEMI myocardial infarction""}"
419,1741,occlusion of the circumflex,TEMP_diseases_1639,"['Disease', 'Knowledge']","{""ontology_id"": ""TEMP_diseases_1639"", ""name"": ""occlusion of the circumflex""}"
